apartmentId,location,price,qualityOfEducation,age,typeOfCommunity,careAfrican,careAsian,careWhite,careMexican,careOther,careNA,laundryRoom,Hospital,Insurance,Walk-able,Bike-able,EnergyEfficient,DrinkableWaterIndex,careAboutTidyNeighborhoods,MunicipalTransport,pastAverageOwnerExperience,year
0001,74845,114989,0,81,2,0,0,1,1,0,1,0,1,1,2,3,2,3,1,1,85,1858.0
0002,87364,111516,6,96,7,0,0,1,1,1,0,0,1,0,1,1,8,4,0,0,96,2016.0
0003,88035,105647,0,56,5,1,1,0,0,0,1,0,1,0,2,1,5,0,0,0,55,1854.0
0004,50959,116537,8,40,7,1,1,0,0,1,1,0,0,1,1,4,9,5,0,1,55,1998.0
0005,01839,108671,3,45,2,1,0,1,1,1,0,0,1,1,2,5,7,2,1,0,34,1964.0
0006,92723,101097,4,23,5,1,0,1,1,0,0,1,1,0,2,2,9,4,0,0,79,1839.0
0007,72967,117683,9,81,5,1,0,1,1,0,1,1,0,1,3,5,7,4,0,0,80,1996.0
0008,87649,104615,6,26,3,1,1,1,1,0,1,0,1,1,4,3,4,5,1,1,53,1767.0
0009,69233,102466,8,57,0,1,0,0,1,1,1,1,0,1,4,3,5,2,1,0,6,1846.0
0010,95085,117423,0,96,0,0,0,0,0,0,0,1,0,0,4,4,0,5,0,1,16,2020.0
0011,49817,118676,9,95,4,0,1,0,1,0,0,1,1,1,3,4,4,1,1,0,29,1773.0
0012,75206,114368,4,55,3,1,1,1,0,1,0,1,1,1,3,3,0,0,1,0,24,1819.0
0013,15082,102255,7,23,4,1,0,1,0,0,0,0,0,0,0,3,1,5,1,1,17,1801.0
0014,64978,108260,6,48,5,0,0,1,1,0,0,1,0,0,4,4,2,3,1,0,60,1811.0
0015,30067,119324,1,59,5,1,1,1,0,0,1,0,0,0,4,2,1,4,1,1,41,1943.0
0016,01933,119219,9,69,6,1,0,0,1,1,0,1,0,0,3,0,4,4,1,1,71,2010.0
0017,83373,117117,2,47,3,0,0,1,0,1,0,0,1,0,1,4,3,0,1,1,95,2012.0
0018,55735,106861,1,75,0,0,1,1,1,0,0,1,0,0,4,3,8,4,1,1,57,1938.0
0019,06471,113760,6,42,4,0,1,0,0,1,1,1,0,1,3,2,9,3,0,0,41,1981.0
0020,07305,108205,4,37,6,0,0,0,1,1,1,0,0,1,0,0,7,0,0,0,36,1831.0
0021,55100,109272,9,52,1,1,1,1,1,0,1,0,1,1,2,1,6,0,0,0,80,2016.0
0022,74695,103376,2,90,0,0,1,0,1,0,0,0,1,0,3,2,10,1,1,1,98,1753.0
0023,28933,117689,0,30,1,1,1,0,1,1,0,1,0,1,5,4,1,4,0,1,60,2019.0
0024,85486,106008,2,63,1,0,0,0,0,0,1,1,1,1,4,0,6,5,0,1,42,1781.0
0025,77039,108159,8,100,2,0,1,1,1,1,0,1,0,0,4,3,0,0,1,1,85,1705.0
0026,15696,105068,1,22,7,0,1,0,1,0,1,0,0,1,2,2,3,2,1,0,87,1729.0
0027,26515,111719,1,28,0,0,0,0,0,0,1,1,0,0,4,4,0,5,0,0,91,1852.0
0028,70166,108972,8,21,6,0,1,0,1,1,1,0,0,1,5,5,2,0,1,1,90,1765.0
0029,21482,113409,4,86,2,1,1,1,1,0,1,1,1,1,4,4,2,3,1,0,13,1952.0
0030,54963,103530,10,29,5,0,1,1,0,1,0,0,0,1,5,1,0,4,0,1,4,2014.0
0031,72286,101501,5,31,3,1,1,0,0,1,1,0,1,1,4,0,7,1,1,1,65,1990.0
0032,62158,114423,10,57,2,1,1,1,0,1,0,0,0,1,0,5,5,1,0,1,25,1935.0
0033,52034,107529,0,77,7,0,1,0,1,0,1,0,0,1,1,2,2,5,0,0,48,1828.0
0034,36969,107478,7,83,6,1,1,1,1,1,1,0,0,1,5,2,7,1,1,1,33,1860.0
0035,99375,100207,10,73,0,1,1,1,0,1,1,1,0,0,1,0,6,4,0,0,50,1919.0
0036,67942,110959,7,45,7,1,1,1,1,0,1,1,0,1,5,0,0,0,0,1,85,1924.0
0037,63501,111255,1,81,0,1,1,1,1,1,1,1,0,0,4,0,7,0,0,0,42,1984.0
0038,58711,105491,3,46,2,0,0,1,0,0,0,1,0,1,0,1,7,2,0,0,11,1887.0
0039,78889,109100,10,43,5,0,1,0,1,1,1,1,0,1,0,3,1,3,1,0,98,1789.0
0040,16217,100639,0,35,7,1,0,0,0,0,0,0,0,0,0,2,1,4,0,1,74,1901.0
0041,31157,104186,10,54,3,1,1,1,0,1,1,1,1,0,1,1,3,3,0,1,57,1959.0
0042,02497,104154,8,47,0,1,0,1,1,0,0,1,0,0,4,0,8,5,1,0,43,1747.0
0043,42598,117482,0,68,7,1,1,1,0,0,0,1,0,0,5,5,0,5,1,0,85,1792.0
0044,74080,105163,0,62,7,0,1,0,0,0,1,1,0,1,0,1,5,3,0,0,17,1895.0
0045,99075,101643,1,61,4,0,1,0,0,1,0,0,1,1,0,2,8,1,0,0,59,1991.0
0046,83755,102326,0,45,3,1,0,1,1,1,1,1,0,1,5,1,5,2,1,0,56,1855.0
0047,71152,105023,8,23,5,1,1,1,1,1,1,0,0,1,0,5,0,5,1,1,66,1874.0
0048,14309,101544,2,42,7,0,0,1,0,1,1,1,0,0,4,2,4,3,1,1,25,1979.0
0049,05102,100331,2,90,2,1,1,0,1,0,1,1,0,1,3,4,7,3,0,0,31,1825.0
0050,85349,144574,6,94,0,0,1,0,1,0,0,1,0,1,1,2,6,5,0,0,58,1925.0
0051,75427,129773,4,92,6,1,1,0,0,0,0,0,0,1,1,1,10,5,1,0,78,1881.0
0052,33814,141506,6,45,1,1,0,0,1,0,1,0,0,1,0,1,7,2,0,1,2,1850.0
0053,21375,131553,10,42,3,1,1,1,0,1,0,0,1,1,1,2,8,5,0,1,61,1984.0
0054,42529,121116,10,97,2,0,0,1,0,1,0,1,0,0,1,4,6,4,0,1,56,1792.0
0055,82462,134663,10,62,2,1,0,0,1,0,0,0,0,0,5,0,10,4,1,0,73,1889.0
0056,29957,148735,9,22,0,0,0,0,0,1,0,0,0,1,5,0,3,0,1,1,66,1749.0
0057,05622,133608,4,94,3,0,1,0,1,1,0,1,1,0,1,4,5,2,1,0,87,1730.0
0058,24939,141621,1,75,6,1,1,0,1,0,1,0,0,0,4,0,6,5,1,1,47,1909.0
0059,02126,138220,8,31,7,0,0,1,1,0,1,0,0,0,5,3,4,1,1,0,43,1930.0
0060,56121,135899,4,27,6,1,1,0,0,1,0,0,0,0,0,3,8,1,1,0,8,2005.0
0061,37022,142577,6,54,6,1,0,1,0,1,0,1,0,0,3,4,1,2,0,0,53,1930.0
0062,69625,140632,0,62,7,0,0,0,1,0,1,0,0,0,4,4,9,5,1,1,23,1841.0
0063,32120,127892,3,100,0,0,1,0,0,0,1,1,1,1,0,1,7,2,0,0,61,1911.0
0064,14960,127761,9,49,7,1,1,1,1,0,0,1,0,0,4,3,3,0,0,0,14,1714.0
0065,85441,122040,10,28,6,0,0,1,1,1,1,1,0,1,4,1,9,5,1,0,58,1718.0
0066,44833,141079,0,97,4,0,1,0,1,0,0,0,0,0,2,3,7,3,0,1,25,1831.0
0067,35449,128233,7,59,7,1,1,1,0,1,1,1,0,1,2,2,10,0,0,1,41,1919.0
0068,05785,138451,1,55,4,1,0,0,0,0,1,1,0,1,2,4,1,1,0,0,50,1811.0
0069,96832,123063,1,88,0,0,1,0,1,0,0,1,1,1,4,4,9,5,0,1,71,2012.0
0070,20731,144356,3,36,1,1,1,1,1,0,0,0,0,0,4,4,3,2,0,1,54,1846.0
0071,11215,126667,4,60,4,0,1,0,0,1,1,0,1,1,4,1,2,2,0,0,51,1836.0
0072,43868,123093,5,35,0,1,0,1,1,1,1,0,1,1,3,0,5,4,1,1,62,1856.0
0073,06524,134470,5,86,2,0,0,1,0,1,1,1,1,1,4,2,3,3,0,1,77,1945.0
0074,25833,136934,0,68,0,0,1,0,1,0,1,1,1,0,1,2,10,5,1,1,18,1967.0
0075,58716,127499,0,81,0,1,0,0,1,0,1,0,0,1,1,5,6,5,1,0,41,1871.0
0076,25424,140985,8,23,4,1,1,1,1,1,0,1,0,0,1,3,5,1,0,1,49,1986.0
0077,45302,138648,7,82,6,1,1,0,0,1,1,0,1,0,2,2,4,2,0,1,74,1992.0
0078,71179,137446,0,81,3,0,0,0,0,0,1,0,1,1,4,0,5,1,0,1,69,1714.0
0079,23523,122658,0,98,7,0,0,1,0,1,1,1,1,1,1,0,3,1,1,0,25,1802.0
0080,85714,134791,2,40,7,1,0,1,0,1,0,0,1,0,1,5,10,0,1,1,57,1748.0
0081,27098,123630,0,18,6,0,0,1,0,0,1,1,0,0,2,2,10,0,0,0,18,1843.0
0082,61201,148204,5,88,6,1,0,1,1,1,0,1,1,0,5,5,1,4,0,0,49,1775.0
0083,32235,146971,0,90,4,1,0,0,0,1,0,1,0,1,3,1,3,5,0,1,91,1858.0
0084,80184,143223,7,50,7,0,0,0,0,1,0,0,0,0,1,4,9,5,1,1,15,1725.0
0085,91787,121982,5,35,6,1,0,0,0,0,1,1,0,1,0,3,3,0,0,0,62,1734.0
0086,40523,122938,0,66,1,0,0,0,1,1,0,1,1,0,2,4,4,4,0,1,74,1718.0
0087,03006,139101,7,54,4,0,1,0,0,0,0,0,0,1,4,1,3,0,1,1,78,1927.0
0088,20206,131796,0,100,6,1,0,1,0,0,0,0,0,1,1,4,5,5,0,1,19,1712.0
0089,36722,127452,1,37,2,1,0,1,0,1,0,1,1,1,2,0,8,1,0,1,61,1901.0
0090,00016,134738,4,49,7,0,1,1,1,0,0,1,1,1,4,0,4,4,0,0,98,1806.0
0091,13392,130830,3,52,1,1,1,0,0,0,0,1,1,0,0,2,3,5,1,1,11,1988.0
0092,69068,121880,4,44,1,0,0,1,0,1,0,1,0,0,2,2,2,4,0,1,15,1830.0
0093,04129,126733,7,50,6,0,1,1,1,1,0,1,0,0,1,4,1,0,1,0,12,1791.0
0094,01249,146802,4,52,6,0,0,1,1,1,1,0,1,1,2,2,1,1,1,1,90,1766.0
0095,56089,138294,1,83,3,0,1,0,0,1,0,0,1,1,5,2,2,4,1,1,6,1947.0
0096,60846,145981,1,22,5,0,1,0,0,0,1,1,1,0,5,0,9,5,0,1,78,1762.0
0097,29974,135783,8,42,1,0,0,1,1,1,0,0,0,1,3,1,8,1,1,1,98,1904.0
0098,97636,141772,4,59,6,1,1,0,1,0,0,0,0,1,3,3,6,0,1,0,57,1788.0
0099,44934,137397,4,89,0,0,1,0,0,1,0,1,0,1,0,3,10,2,0,1,64,1949.0
0100,50141,90223,5,87,0,1,0,0,0,1,0,0,0,1,2,0,7,0,0,1,1,1853.0
0101,10874,62612,2,67,0,1,1,1,0,1,0,1,1,1,4,1,8,3,0,1,27,1976.0
0102,48221,43957,6,89,7,1,0,0,1,0,1,0,1,1,3,1,5,4,1,0,18,1916.0
0103,03803,126947,1,79,1,0,0,0,1,1,1,0,0,1,1,4,10,0,0,0,37,1756.0
0104,51586,26341,10,46,6,0,0,0,0,1,1,1,1,0,2,0,8,4,0,1,77,1907.0
0105,73961,119245,3,93,6,0,0,1,0,1,0,0,1,1,0,5,1,2,1,1,49,1706.0
0106,45804,71672,4,69,1,1,1,0,0,0,1,0,0,1,3,1,9,4,1,1,35,1812.0
0107,93596,61337,5,51,1,1,0,1,0,1,1,1,1,0,4,4,8,0,0,0,90,1997.0
0108,42969,25027,2,72,5,1,1,1,1,0,1,0,1,0,5,5,5,1,1,1,88,1710.0
0109,46739,24070,1,82,7,1,1,0,0,0,1,0,0,1,4,0,9,0,0,1,91,1950.0
0110,93787,67632,5,20,2,1,0,0,1,1,0,1,0,1,2,1,0,5,0,0,47,1971.0
0111,79980,124184,2,45,7,0,1,1,0,0,1,0,0,1,0,3,0,1,0,0,2,1934.0
0112,05895,138945,4,52,2,0,0,1,0,0,1,0,1,1,3,3,8,3,0,1,36,2003.0
0113,06606,72235,2,60,7,0,1,1,1,1,1,1,1,0,1,2,5,4,0,1,9,1958.0
0114,66564,22841,5,49,4,1,1,0,0,0,1,1,1,1,5,4,4,0,0,0,41,1884.0
0115,97594,119303,5,47,1,1,0,1,0,1,0,0,0,0,3,3,8,3,0,1,4,1928.0
0116,71691,111753,10,36,3,1,0,1,0,0,0,0,0,0,0,5,10,2,1,0,70,1887.0
0117,32657,162664,8,96,4,1,0,1,1,1,1,0,1,0,1,3,0,3,0,0,43,1723.0
0118,57167,117490,5,32,3,1,0,0,1,0,1,1,0,0,2,3,3,1,1,1,5,1995.0
0119,23556,48187,3,82,5,1,0,1,0,0,1,1,1,1,5,1,1,0,1,0,87,1859.0
0120,50029,71783,5,28,6,0,1,0,1,1,0,0,1,0,5,3,1,1,1,1,41,1704.0
0121,93801,52761,7,53,5,0,1,1,0,0,1,0,0,1,1,3,8,0,0,1,83,1705.0
0122,49131,68841,8,67,6,1,1,0,0,0,1,1,0,0,0,5,1,1,1,0,61,1829.0
0123,44196,67261,0,30,4,0,1,1,1,1,0,1,1,1,5,0,7,3,0,0,38,1878.0
0124,94419,55881,4,28,3,1,1,0,0,1,1,1,1,0,4,2,5,2,1,1,17,1828.0
0125,53805,141167,1,32,1,0,1,0,0,0,1,1,0,0,3,4,1,3,1,0,59,2020.0
0126,05906,145219,3,57,5,1,1,1,0,0,1,0,1,1,4,5,10,3,1,0,37,1945.0
0127,53138,126471,10,57,5,1,1,1,1,1,1,0,1,1,1,3,7,1,0,0,58,1798.0
0128,40078,117442,3,29,2,0,0,1,0,1,1,0,1,0,5,5,10,5,1,0,53,1719.0
0129,58179,34579,1,98,1,1,1,1,1,0,0,0,0,0,5,0,10,5,1,0,15,1912.0
0130,73157,142577,7,56,2,0,1,1,0,1,0,0,1,1,4,3,3,1,1,0,47,1888.0
0131,23425,151789,3,18,2,1,1,0,1,1,0,0,0,1,5,3,4,3,1,0,50,1727.0
0132,32375,138054,10,67,5,0,0,0,1,1,0,1,0,0,1,4,3,2,1,1,52,1825.0
0133,85210,65407,2,85,3,1,1,1,1,0,1,0,0,0,1,1,7,0,0,1,73,1883.0
0134,28085,103150,8,23,4,0,1,1,0,0,1,0,0,0,2,2,0,5,1,0,53,1958.0
0135,22504,23120,7,86,0,1,1,1,0,1,1,1,0,1,4,4,9,5,1,0,19,1874.0
0136,32856,28153,0,86,7,1,0,1,1,0,0,1,0,0,2,3,0,3,1,1,98,1732.0
0137,42831,24578,3,70,4,0,0,0,1,0,0,0,1,0,5,1,1,2,1,0,48,1770.0
0138,49704,30948,0,95,6,0,0,0,1,1,0,1,1,1,3,3,2,0,0,0,74,1787.0
0139,87950,93364,5,81,4,1,0,0,1,1,0,1,1,0,2,2,9,2,1,0,23,1836.0
0140,20104,96792,7,41,5,0,1,0,0,1,0,0,0,1,5,0,6,5,1,0,72,1745.0
0141,24547,166558,0,68,5,1,1,0,1,1,0,0,1,0,3,3,4,0,1,0,62,1987.0
0142,96830,146389,5,83,1,0,1,1,0,1,0,0,0,0,3,3,4,2,0,1,3,1776.0
0143,00764,35775,2,99,6,0,0,1,1,0,0,0,0,1,2,2,0,4,1,1,60,1918.0
0144,48885,101084,3,55,5,0,0,0,0,1,1,0,1,0,5,4,1,2,0,1,51,1829.0
0145,58604,39827,3,26,1,0,1,0,0,0,1,0,0,1,5,1,9,5,0,1,54,1867.0
0146,84702,54339,1,33,6,1,0,1,1,1,0,0,1,0,3,4,4,1,0,1,77,1953.0
0147,26026,76508,5,20,1,0,0,0,1,1,1,0,0,0,5,5,3,0,0,0,22,1908.0
0148,66531,76597,1,71,1,0,1,1,0,0,0,0,0,0,0,1,2,0,1,0,68,1944.0
0149,03105,142199,6,78,7,1,0,1,0,0,0,1,1,0,5,4,1,0,1,1,12,1947.0
0150,73738,180304,0,24,0,1,1,1,0,1,0,1,0,1,4,5,8,0,0,0,98,1722.0
0151,94169,186477,10,41,1,0,1,0,1,1,1,1,1,1,4,5,3,4,0,1,34,1976.0
0152,38829,181609,5,82,2,1,0,0,1,1,1,1,0,1,2,4,9,4,1,0,41,1718.0
0153,83902,174291,2,45,5,0,1,0,0,0,1,1,1,0,2,0,3,5,1,0,71,1971.0
0154,61366,188116,7,38,6,0,1,1,1,1,1,0,1,0,1,3,4,2,1,1,40,1909.0
0155,32173,185819,6,97,5,1,1,1,1,0,1,0,1,0,5,5,7,3,1,0,44,1768.0
0156,03673,175257,2,53,6,0,0,0,0,1,0,0,1,1,1,0,3,4,1,1,42,1838.0
0157,51632,171641,7,97,2,1,0,1,0,1,1,1,0,0,3,3,1,3,0,0,94,1903.0
0158,24320,180219,3,24,3,0,1,1,0,1,1,1,1,0,5,5,6,2,0,1,98,1740.0
0159,17841,177585,0,59,1,1,1,0,1,0,1,1,1,0,4,1,6,5,0,0,79,1941.0
0160,55021,189956,2,80,6,1,0,1,0,0,0,0,0,1,4,2,9,3,0,0,43,1988.0
0161,96159,185842,6,97,7,1,0,1,0,0,1,1,1,1,1,0,4,3,1,1,14,1952.0
0162,11547,186689,6,33,2,0,0,1,0,0,0,1,1,0,3,5,9,4,0,1,8,1876.0
0163,63788,175537,5,68,3,0,0,1,1,0,1,1,0,0,3,4,5,5,1,1,56,1957.0
0164,23815,185069,5,88,0,0,1,1,0,0,1,0,1,1,0,3,5,0,0,0,49,1878.0
0165,33812,174404,9,40,4,0,1,0,0,0,1,1,1,1,2,2,4,1,0,1,50,1837.0
0166,98899,174681,2,35,4,0,0,1,0,1,1,1,1,0,3,0,8,3,1,1,70,1780.0
0167,88517,181129,4,43,7,1,1,0,0,1,0,1,0,1,1,3,8,4,1,1,82,1981.0
0168,35866,180218,2,27,0,0,1,1,1,0,0,0,0,0,1,2,2,1,1,1,61,1793.0
0169,78556,171587,2,73,2,1,1,0,1,1,1,0,0,1,0,3,2,2,1,1,5,1874.0
0170,00433,180176,4,80,3,1,1,1,0,1,1,1,0,0,5,4,6,5,0,0,5,1737.0
0171,12903,185278,8,39,4,1,1,0,1,0,1,1,0,1,0,2,10,3,1,1,49,1952.0
0172,39873,180679,3,24,0,0,1,0,1,0,0,0,0,0,3,3,3,1,0,0,20,1748.0
0173,35578,182319,4,59,2,1,0,0,1,1,0,0,0,1,0,5,3,2,1,1,70,1782.0
0174,55008,184332,9,22,1,0,0,1,0,1,1,0,0,0,3,2,10,3,1,1,15,1939.0
0175,17317,187837,3,81,3,0,0,1,1,1,1,1,0,1,1,1,2,2,0,1,80,1848.0
0176,96511,182962,9,63,5,0,0,0,1,1,0,1,0,0,1,4,9,1,1,0,35,1830.0
0177,05100,181208,1,60,3,0,1,1,0,0,0,0,1,0,1,0,5,4,1,1,3,2008.0
0178,66126,183501,9,80,1,0,1,0,0,0,0,1,0,0,1,0,3,1,0,1,85,2011.0
0179,08533,176205,1,24,2,0,0,1,0,0,1,1,1,0,2,0,4,4,0,1,7,1996.0
0180,05252,188930,9,45,3,1,0,1,0,1,0,1,0,0,5,5,5,3,0,0,98,1759.0
0181,61323,171795,3,91,5,0,1,0,1,1,0,1,0,0,0,0,8,1,1,0,53,1954.0
0182,08232,181360,0,20,0,0,0,0,1,1,0,0,0,1,1,2,1,0,0,1,40,1881.0
0183,82697,177224,10,78,6,1,0,0,0,1,1,0,0,0,0,0,7,5,0,0,56,1937.0
0184,91007,188489,1,59,1,1,1,0,0,0,1,0,0,1,5,2,2,3,0,0,79,1771.0
0185,22746,188902,0,20,1,1,0,1,1,0,1,1,1,1,3,2,2,1,0,0,65,1748.0
0186,90075,178538,4,28,5,1,1,0,0,0,1,1,0,0,3,0,7,5,1,1,0,1962.0
0187,43440,173298,10,63,0,0,1,1,1,0,0,0,0,0,0,0,8,5,0,1,17,1949.0
0188,74163,187565,8,99,6,1,1,0,0,0,0,0,0,0,3,0,2,3,0,0,64,1768.0
0189,11387,183166,2,45,4,1,0,1,0,1,0,0,0,0,3,2,5,3,0,0,77,1773.0
0190,42020,171722,10,48,1,0,0,0,1,1,0,1,1,0,4,1,8,1,1,1,2,1863.0
0191,81536,174003,7,98,3,1,0,0,1,0,0,1,1,0,5,3,2,2,0,0,51,1706.0
0192,60035,178524,9,100,6,0,0,1,0,0,0,0,0,0,2,2,8,5,1,1,0,1835.0
0193,71118,171239,5,67,2,1,0,0,0,1,1,1,0,1,1,5,5,4,1,1,88,1753.0
0194,65187,189906,1,98,1,1,0,0,0,0,1,0,0,0,1,5,8,4,0,1,69,1999.0
0195,67075,172993,2,19,3,0,0,0,0,1,0,0,1,0,4,1,4,0,1,0,34,1826.0
0196,27535,186030,1,26,2,1,0,1,1,0,0,0,0,0,1,4,5,4,1,0,25,1899.0
0197,54753,180165,9,23,1,1,1,1,1,1,0,1,0,1,4,1,3,3,1,0,36,1813.0
0198,22838,182527,7,71,0,1,0,1,0,1,0,0,1,1,1,3,1,1,1,0,5,1941.0
0199,23005,183904,10,18,3,0,0,0,1,1,0,0,1,0,5,3,7,0,1,0,78,1813.0
0200,46394,196613,2,33,0,0,1,1,1,0,1,0,1,0,4,4,9,1,1,0,88,1871.0
0201,08817,191480,1,30,1,0,1,1,1,0,1,0,1,1,3,1,8,3,1,0,2,1811.0
0202,72376,198360,1,46,4,0,0,1,1,0,0,1,0,0,4,5,9,4,0,1,3,1800.0
0203,89070,193339,6,23,1,0,0,0,0,1,0,1,0,0,2,3,5,3,0,1,16,1991.0
0204,66550,198699,8,31,5,1,1,0,1,0,0,1,0,0,3,5,1,3,0,1,61,1851.0
0205,57034,190807,7,28,2,1,0,0,0,0,0,1,1,1,2,0,7,0,0,1,87,1940.0
0206,69714,209013,1,18,0,1,1,1,1,0,1,0,1,0,4,3,7,1,1,1,48,1831.0
0207,84167,207509,7,81,2,0,0,1,0,1,0,0,0,0,0,3,8,4,0,1,25,1905.0
0208,15200,193931,9,73,2,0,0,1,1,1,1,0,1,0,3,0,6,5,1,1,53,1780.0
0209,55740,198878,4,86,5,0,0,0,1,1,0,0,0,1,2,2,1,5,1,1,98,1919.0
0210,05034,200987,3,100,1,0,1,1,1,0,0,1,1,0,3,2,1,5,0,1,86,1908.0
0211,52511,197230,6,54,0,1,1,0,0,1,0,0,1,0,5,5,3,5,0,1,55,2015.0
0212,26552,201418,9,74,1,1,1,1,0,1,1,1,0,1,0,3,3,0,1,1,82,1908.0
0213,85323,196213,2,92,3,0,1,0,0,1,0,0,0,0,0,2,10,5,1,0,76,1757.0
0214,50722,204855,6,87,1,1,1,1,1,1,0,1,0,1,5,4,2,3,1,0,28,1765.0
0215,24211,203674,8,45,4,1,0,0,0,1,1,1,1,0,3,0,6,0,0,0,34,1966.0
0216,09676,205238,5,79,1,1,1,0,1,1,1,0,1,0,1,5,4,3,0,0,45,1926.0
0217,78649,204287,3,38,4,1,0,0,0,1,1,1,1,1,3,2,3,0,0,1,26,1814.0
0218,77876,193705,0,86,5,1,0,0,1,0,1,1,0,1,3,3,5,1,0,1,54,1882.0
0219,37042,200099,7,27,5,0,1,0,0,0,0,0,0,1,0,4,7,4,0,0,41,1790.0
0220,96411,202153,6,83,6,0,0,0,0,0,0,0,0,1,4,1,3,5,0,0,74,1879.0
0221,44348,196646,3,51,0,1,1,1,1,1,1,0,1,0,5,0,8,5,1,0,68,1999.0
0222,46277,207351,4,31,6,1,1,1,1,1,0,0,1,1,3,3,3,3,0,0,69,1933.0
0223,00959,192935,8,100,2,1,0,1,0,0,1,0,1,0,5,3,9,4,1,0,43,1880.0
0224,15587,203029,0,20,3,1,0,1,1,1,1,1,0,1,3,2,8,3,0,1,74,1889.0
0225,56868,208466,8,32,7,1,0,0,1,1,0,1,0,1,1,4,5,3,1,1,49,1810.0
0226,40657,201607,0,50,7,1,0,1,1,0,0,0,0,0,2,3,8,2,0,0,93,1985.0
0227,02552,195222,7,48,0,0,1,1,0,1,1,1,1,1,2,0,8,3,1,0,51,1878.0
0228,78065,197182,3,36,3,1,1,1,1,1,0,0,1,1,3,1,7,0,0,0,38,1800.0
0229,11733,209366,0,43,2,0,0,1,1,1,0,1,0,1,2,1,8,1,1,1,37,1817.0
0230,93960,205522,3,87,2,0,0,1,1,0,0,0,0,0,1,2,6,0,0,0,55,1794.0
0231,78993,202185,0,94,3,0,1,0,1,1,1,0,0,0,5,4,6,1,1,0,49,1758.0
0232,21284,193442,9,98,1,1,0,0,0,0,1,0,0,1,3,0,1,3,1,1,30,1888.0
0233,50135,194829,1,52,6,1,1,1,0,1,1,1,0,1,4,5,4,5,1,1,51,1762.0
0234,02339,195181,5,55,1,1,0,0,1,0,1,1,1,1,0,0,3,5,1,0,41,1962.0
0235,62848,202896,0,52,3,0,1,1,0,0,1,1,1,1,4,0,6,0,0,1,17,1848.0
0236,46589,205783,3,31,1,1,0,1,0,0,0,0,1,0,0,1,7,0,0,0,64,1881.0
0237,92652,201218,10,81,6,0,0,1,1,1,1,0,0,1,0,4,10,4,1,1,50,1979.0
0238,76234,194358,8,90,0,0,0,1,1,0,1,0,0,0,2,5,2,2,0,1,41,1747.0
0239,37178,209689,9,19,1,1,1,0,0,1,1,1,0,1,0,4,5,0,0,1,80,1798.0
0240,64280,193603,8,57,0,1,0,1,0,1,0,1,0,1,1,0,7,4,0,0,21,1756.0
0241,67703,207729,9,24,6,0,1,1,0,0,0,0,0,0,4,2,6,4,1,1,67,1971.0
0242,11145,204485,6,50,4,0,0,0,0,0,1,1,1,1,5,0,1,5,1,1,14,1835.0
0243,04790,208150,7,31,4,1,0,0,1,1,1,0,1,1,5,0,5,3,0,0,52,1902.0
0244,80755,194002,3,55,0,1,1,0,1,1,1,1,1,1,1,1,3,1,1,1,85,1920.0
0245,27066,202339,3,24,4,1,0,1,0,0,0,0,0,1,4,5,5,1,0,1,93,1978.0
0246,19586,206472,5,65,0,0,1,1,0,0,0,0,1,0,4,2,4,4,1,0,28,1776.0
0247,05999,190742,7,82,1,0,1,1,1,1,0,1,1,0,5,3,1,5,1,0,9,1936.0
0248,54539,196610,5,69,1,1,1,0,1,0,0,0,1,1,4,3,1,1,0,1,5,1759.0
0249,48880,196906,5,72,0,0,1,0,0,1,0,1,1,1,0,4,4,0,1,0,25,1968.0
0250,69822,212020,10,82,6,1,0,1,1,1,1,1,1,0,4,2,4,3,0,0,64,1749.0
0251,42645,218789,9,51,3,1,1,0,1,1,0,1,1,1,0,3,9,0,1,0,46,2019.0
0252,33365,229218,6,79,4,1,0,1,0,1,1,0,0,1,4,3,2,5,1,1,55,1923.0
0253,47507,233795,9,56,2,1,0,1,0,1,1,0,0,0,3,5,7,3,0,1,50,1926.0
0254,58329,223406,10,40,6,0,1,1,0,1,1,0,1,0,3,1,10,1,0,0,63,1959.0
0255,64519,223241,4,21,2,0,1,1,1,1,1,0,0,0,3,5,5,0,0,1,7,1975.0
0256,27121,237400,0,73,1,1,0,1,0,1,0,1,0,1,3,4,7,3,0,0,43,1720.0
0257,55733,224054,0,36,0,0,0,0,1,1,1,1,1,1,3,0,6,1,0,1,19,1720.0
0258,98608,223372,4,46,6,1,0,0,0,0,1,0,0,1,1,3,8,0,1,0,75,1734.0
0259,91209,215357,3,73,0,1,0,0,0,0,0,0,0,1,4,0,1,2,1,0,2,1837.0
0260,18660,213750,7,47,1,0,1,0,1,0,1,1,1,1,3,3,8,1,1,0,38,1750.0
0261,75250,237725,0,68,4,1,0,0,1,0,1,1,1,0,1,5,10,3,1,1,41,1816.0
0262,32251,223292,6,81,5,1,0,1,1,1,0,1,0,0,0,0,0,5,0,0,75,1763.0
0263,72890,212579,6,50,1,1,0,1,1,0,0,0,0,1,4,1,7,4,0,0,88,1713.0
0264,09252,231325,10,62,5,0,0,1,0,0,1,0,1,0,3,0,8,5,1,0,12,1894.0
0265,72513,234745,3,46,4,0,1,0,1,0,1,0,0,0,3,2,8,4,1,0,22,1826.0
0266,73490,210632,7,85,5,0,0,1,0,1,1,0,1,0,0,0,4,1,0,1,48,1881.0
0267,43236,239217,3,94,1,0,0,0,0,0,1,0,1,0,4,5,4,5,1,0,35,1901.0
0268,67310,214996,9,88,7,0,1,0,1,1,0,0,1,1,1,0,6,2,0,1,11,2006.0
0269,67579,235627,9,91,7,0,0,1,0,1,1,0,1,1,3,1,10,2,0,0,43,1768.0
0270,07806,234058,8,21,5,1,0,0,1,0,1,1,0,0,0,2,8,0,0,0,55,1756.0
0271,47959,214171,1,33,4,0,1,0,0,0,0,1,0,1,3,1,9,0,0,0,97,1973.0
0272,10257,215623,10,95,0,1,0,0,0,1,0,0,1,0,2,5,0,2,0,0,33,1818.0
0273,47308,230510,2,19,6,0,1,1,0,1,0,0,1,0,0,2,0,5,1,1,73,1823.0
0274,70853,223797,1,35,4,0,0,1,0,0,0,0,1,1,3,3,4,1,1,0,76,1875.0
0275,34294,218232,9,65,2,1,0,0,0,0,0,0,0,1,2,1,6,4,1,1,27,1842.0
0276,62138,226046,10,50,7,0,0,1,0,1,1,0,1,1,4,1,10,4,1,1,10,1834.0
0277,36301,211057,6,65,1,0,0,1,1,1,0,1,0,0,5,3,4,4,1,1,89,1839.0
0278,52053,222990,10,36,5,0,1,0,1,0,0,1,1,1,4,1,3,4,1,1,26,1831.0
0279,26921,219936,0,68,5,0,0,1,1,0,1,0,0,0,0,3,7,2,1,1,92,1721.0
0280,65965,213888,4,79,7,0,1,1,1,1,1,0,0,0,4,1,10,3,0,1,76,1875.0
0281,67818,214551,0,57,1,1,0,0,0,0,1,1,0,1,4,4,10,1,0,1,0,2000.0
0282,48790,235285,9,39,5,1,0,1,1,1,0,1,0,1,1,4,0,5,1,0,37,1817.0
0283,88796,226768,0,27,3,0,1,1,0,1,1,0,1,0,4,3,8,5,0,0,28,1817.0
0284,43132,239980,0,19,6,1,1,0,0,0,0,0,1,1,5,5,7,4,1,1,6,1939.0
0285,72318,223805,3,65,0,1,0,0,0,1,0,1,0,0,5,2,5,2,1,0,32,1904.0
0286,17374,216710,9,78,2,1,1,1,1,1,1,1,0,0,2,0,6,3,1,1,45,1746.0
0287,16901,211258,0,31,3,0,1,0,0,0,1,1,1,1,5,5,6,2,1,0,0,1912.0
0288,43951,210725,10,54,1,0,0,1,0,0,0,1,0,1,1,0,6,2,1,1,53,1866.0
0289,94448,237737,5,77,5,1,1,1,1,1,0,1,0,1,1,5,1,3,0,0,45,1802.0
0290,92930,220044,5,95,4,0,0,0,0,1,1,1,1,0,3,4,10,1,0,1,17,1978.0
0291,37393,229453,3,88,3,1,1,1,0,0,1,0,0,1,2,3,1,1,0,1,22,1901.0
0292,35113,224775,3,67,6,1,1,0,0,0,1,1,1,1,2,2,1,5,1,1,15,1875.0
0293,58480,211141,4,19,4,0,0,1,0,0,0,0,1,0,0,2,6,1,0,1,26,1715.0
0294,96752,238696,6,85,0,0,1,0,0,1,0,0,0,1,4,4,4,1,1,0,17,1750.0
0295,86211,212872,6,84,7,0,1,1,0,1,0,1,1,0,1,0,4,2,1,0,31,1940.0
0296,05972,233210,3,28,6,1,0,0,1,0,0,1,1,1,2,2,8,0,0,1,100,1861.0
0297,43159,223554,0,90,6,1,1,0,1,0,1,0,1,1,0,2,5,5,0,1,14,1976.0
0298,19223,231536,0,98,4,0,0,1,0,1,1,0,1,0,1,0,9,2,0,1,15,1933.0
0299,97540,212356,2,95,2,0,0,1,0,1,0,0,0,1,5,4,6,1,1,1,89,1725.0
0300,11485,251140,1,72,6,1,1,1,0,1,0,0,1,1,1,5,2,3,1,0,93,1719.0
0301,97495,257343,2,42,6,0,0,1,0,0,0,1,0,0,0,4,3,1,1,0,33,1705.0
0302,00202,253435,5,58,1,0,0,1,0,0,0,1,1,1,3,0,6,3,0,1,80,2008.0
0303,98696,256166,4,81,4,1,0,0,1,1,0,1,0,0,0,0,9,4,0,1,38,1960.0
0304,35184,255049,0,43,0,0,1,0,0,0,0,0,1,1,3,4,0,5,0,0,44,1841.0
0305,99977,253274,9,27,7,0,1,0,1,0,1,1,1,1,2,2,1,4,0,1,78,1998.0
0306,54353,242884,3,70,0,0,0,0,0,1,1,0,0,1,3,0,6,5,0,1,35,1715.0
0307,88440,247668,0,76,4,1,0,0,0,0,1,0,0,0,1,4,2,5,1,1,99,1906.0
0308,15498,243131,2,52,2,0,1,0,1,1,1,1,0,1,0,2,7,3,1,1,84,1894.0
0309,73013,255742,10,23,4,0,1,1,0,1,1,1,1,0,0,4,0,2,1,0,69,1840.0
0310,44145,247819,2,57,4,1,1,1,0,0,0,0,1,1,1,3,4,5,0,0,18,1891.0
0311,51250,254206,1,69,5,0,1,0,0,0,0,1,0,0,5,3,0,5,1,1,19,1895.0
0312,31152,262359,7,100,3,1,0,0,1,0,0,1,1,1,3,1,0,0,0,1,26,1705.0
0313,78238,266705,6,50,5,1,0,0,0,0,1,1,0,1,4,5,2,5,0,0,56,1769.0
0314,47209,262190,10,38,1,0,0,0,1,0,1,0,1,0,2,2,4,0,1,1,33,1750.0
0315,32805,244874,4,90,6,1,0,1,1,0,0,0,1,0,1,5,8,4,0,0,87,1825.0
0316,98546,255479,9,47,5,1,1,1,0,0,1,1,1,1,0,1,7,1,1,0,62,1721.0
0317,03078,248320,9,55,7,0,1,1,0,0,1,0,1,1,5,1,0,3,0,1,13,1867.0
0318,32059,247782,0,26,0,1,1,1,1,1,1,1,1,1,2,4,10,5,0,0,81,1964.0
0319,13227,260884,8,85,7,0,0,1,1,1,1,0,0,1,4,1,10,3,0,0,64,1912.0
0320,97871,264631,0,76,1,0,0,1,0,0,0,1,0,1,0,3,6,1,1,0,58,1790.0
0321,14077,254114,10,54,7,0,1,0,0,1,0,0,0,0,0,0,5,3,0,0,33,1766.0
0322,95556,268995,6,29,1,1,1,1,0,1,1,1,0,0,2,2,8,1,1,0,70,1837.0
0323,57738,242291,1,45,5,0,0,0,1,1,0,0,0,0,2,1,5,1,0,0,4,1718.0
0324,27179,253266,9,81,0,1,1,1,1,0,0,1,0,1,3,2,8,1,0,0,84,2003.0
0325,82602,246454,9,56,2,1,1,0,0,0,1,0,1,0,3,1,7,0,0,1,30,1700.0
0326,39403,264847,0,70,2,1,1,0,0,0,0,1,1,1,0,4,1,5,1,0,58,1737.0
0327,28352,248743,6,90,2,0,1,0,1,1,0,1,1,0,2,0,1,4,1,0,94,1892.0
0328,37545,244527,5,43,3,0,0,1,1,0,1,1,1,0,5,5,4,3,1,0,18,1802.0
0329,09156,264871,7,73,0,0,0,1,0,1,1,0,1,0,4,0,4,0,1,1,97,1955.0
0330,86062,254741,6,20,5,1,0,1,0,0,1,1,0,1,2,5,5,3,1,0,92,1813.0
0331,31052,244810,0,54,6,1,0,0,1,1,1,1,1,1,5,3,8,4,0,0,53,1799.0
0332,74108,263560,0,54,1,0,0,1,0,1,1,1,0,0,3,4,3,1,0,1,44,1866.0
0333,18960,240478,9,33,4,1,1,1,1,1,0,1,0,0,1,0,0,3,1,0,28,1729.0
0334,02147,243666,3,48,6,0,1,0,0,1,0,0,0,1,4,1,1,2,0,0,37,1978.0
0335,77313,251163,10,93,6,1,0,0,0,0,1,0,1,0,1,3,6,2,1,0,15,1934.0
0336,24872,253423,2,35,7,1,1,0,1,1,1,0,1,1,0,5,9,3,0,0,23,1775.0
0337,91533,269612,1,24,1,0,0,0,0,1,1,1,0,0,3,5,3,2,0,1,95,2012.0
0338,74148,254447,3,99,6,1,1,0,1,0,1,0,1,0,2,3,8,5,0,1,41,1959.0
0339,56856,258401,4,78,0,0,0,1,0,0,0,0,0,0,1,5,1,0,0,0,66,1830.0
0340,49969,245976,0,73,7,1,1,1,0,0,0,0,1,0,3,0,5,4,0,1,75,1761.0
0341,16171,249973,1,78,4,0,1,1,1,1,1,0,0,1,0,5,3,0,0,0,75,1976.0
0342,66133,264084,9,42,7,1,0,1,1,1,1,1,1,1,4,4,2,4,1,1,60,1853.0
0343,96966,269096,0,26,2,0,0,1,1,1,0,1,0,1,3,2,1,4,0,0,86,2004.0
0344,54894,268920,6,30,2,1,1,1,0,0,0,1,0,1,2,3,1,3,0,0,93,1883.0
0345,89119,261845,8,82,6,0,1,1,1,1,1,1,1,1,2,5,1,5,1,0,7,1853.0
0346,94868,254006,6,85,2,1,1,1,1,0,0,1,0,1,2,2,4,5,1,0,67,1825.0
0347,15683,240910,3,98,3,0,0,0,0,1,0,0,1,0,3,1,10,1,0,1,36,1881.0
0348,37279,261780,6,34,0,0,1,0,1,0,1,0,0,1,1,4,4,4,0,0,47,1919.0
0349,38338,260196,6,87,2,0,1,1,1,0,1,1,1,0,3,4,1,0,0,1,19,1834.0
0350,22017,277090,0,68,5,1,1,1,1,1,1,0,0,1,0,2,3,1,1,0,44,1893.0
0351,12167,279818,1,91,5,1,1,1,0,1,1,0,0,1,2,5,9,4,1,1,15,1810.0
0352,42303,278029,2,62,2,0,0,1,1,1,1,1,1,0,4,2,8,0,0,0,76,2015.0
0353,23801,277351,2,48,1,1,1,1,1,0,0,1,0,0,0,4,5,4,0,1,87,1779.0
0354,72007,276121,5,48,4,1,1,0,1,0,0,0,0,0,0,3,8,4,1,1,12,1900.0
0355,54134,276613,6,76,2,0,0,1,0,1,0,1,1,1,4,4,6,4,1,1,2,1933.0
0356,68353,282766,6,47,2,1,1,0,1,0,1,1,1,1,1,0,1,0,1,1,50,1714.0
0357,27833,278397,6,27,3,0,0,1,0,0,0,0,0,0,2,5,8,1,1,0,15,1823.0
0358,21234,272171,10,94,4,1,0,1,1,1,0,1,1,0,0,3,0,3,1,1,89,1989.0
0359,57498,279300,5,87,7,0,0,1,1,0,0,1,1,0,5,4,6,4,1,1,20,1990.0
0360,91616,286361,7,23,0,1,0,1,1,1,1,1,1,0,5,3,4,0,1,1,38,1751.0
0361,25996,276285,7,37,3,1,0,0,0,0,1,0,0,1,3,5,1,4,1,1,78,1887.0
0362,80749,279408,7,50,6,1,0,1,1,1,0,0,0,0,1,0,5,2,1,0,10,1841.0
0363,33049,276061,4,39,4,0,0,0,1,0,1,1,1,1,5,5,2,0,0,0,3,1881.0
0364,21956,271147,9,70,4,1,1,1,0,1,0,1,1,0,3,5,1,4,0,0,58,1897.0
0365,08335,276214,2,29,1,0,1,0,1,1,0,0,0,1,0,5,6,5,1,0,29,1714.0
0366,13751,274610,3,96,0,1,1,0,1,1,0,0,1,0,0,0,1,0,0,1,100,1997.0
0367,39217,273825,6,21,1,1,1,1,1,1,0,1,1,1,2,2,10,2,0,1,42,2005.0
0368,68356,276685,10,46,2,1,0,0,1,0,1,0,1,0,0,4,3,2,0,1,5,1762.0
0369,47037,280855,6,97,3,0,0,1,0,0,0,0,0,0,4,5,8,5,0,0,33,2005.0
0370,03905,285769,10,84,7,0,0,0,1,1,1,1,0,0,5,2,10,2,1,0,73,1804.0
0371,68514,280895,1,78,2,0,1,0,0,0,0,0,0,0,1,4,1,2,0,1,39,1977.0
0372,98487,275439,8,30,0,1,1,0,0,0,0,0,1,1,2,4,7,3,0,0,62,1704.0
0373,25376,279077,4,68,7,1,1,1,1,1,1,0,0,1,4,4,5,5,1,1,64,1873.0
0374,62018,287749,6,76,6,1,1,0,0,0,1,0,1,1,3,0,4,3,1,1,26,1726.0
0375,44178,270726,1,94,0,0,1,0,0,1,0,1,0,0,0,4,2,3,1,1,5,1895.0
0376,08013,280031,10,59,2,1,1,0,1,1,1,0,0,0,5,5,10,1,0,1,11,1963.0
0377,12264,285684,7,54,0,0,1,1,1,0,1,1,0,0,5,0,5,3,1,1,83,1826.0
0378,01387,277108,4,22,1,0,1,0,1,0,0,0,1,1,0,5,1,3,1,0,62,1997.0
0379,90724,289196,9,55,7,1,0,1,1,0,0,0,1,0,3,2,6,1,1,0,27,1867.0
0380,95731,287895,0,25,7,1,1,1,0,0,1,1,0,0,5,2,9,4,1,1,57,1856.0
0381,94459,274662,7,22,4,1,1,0,1,1,1,1,0,0,3,1,2,0,0,0,4,1895.0
0382,43249,274250,2,65,6,0,1,1,0,1,0,1,1,0,2,4,10,3,1,0,27,1801.0
0383,38102,277829,8,61,7,0,0,1,1,0,1,1,1,1,1,5,4,5,1,1,63,1931.0
0384,16807,279144,4,28,2,0,1,1,0,1,0,0,1,1,0,5,8,4,0,1,16,1936.0
0385,48211,287811,1,100,0,1,0,1,0,1,0,1,1,1,2,2,10,2,0,0,83,1807.0
0386,76913,283822,3,49,5,0,1,1,1,0,0,1,1,0,0,1,10,2,0,0,34,1820.0
0387,52854,274610,0,53,7,0,0,1,0,0,1,1,0,1,1,0,0,1,1,1,75,1814.0
0388,49074,289795,3,24,3,1,1,0,1,0,0,1,1,1,3,2,9,1,1,0,21,1724.0
0389,15924,282161,6,52,5,0,0,1,1,0,0,0,1,0,1,5,2,2,0,1,43,1720.0
0390,96819,282168,9,45,7,0,0,0,0,1,0,1,1,1,0,4,1,3,0,0,86,1864.0
0391,47155,271895,3,99,5,0,0,0,0,1,1,0,0,0,1,2,1,1,1,1,53,1976.0
0392,18637,272061,6,69,5,1,0,1,0,1,0,0,0,0,3,3,5,3,1,0,89,1721.0
0393,06733,286167,8,45,5,0,1,0,0,1,1,1,1,1,0,0,6,5,1,1,19,1817.0
0394,53134,279201,7,51,6,1,1,1,1,1,1,1,1,0,1,4,8,4,0,1,32,1947.0
0395,73429,274996,2,46,6,0,1,0,0,0,0,1,0,0,3,1,2,4,1,0,99,2001.0
0396,31060,281578,0,69,7,1,1,0,0,1,0,1,0,0,0,2,1,2,0,1,45,1827.0
0397,27785,270617,8,64,7,0,0,1,0,0,0,0,1,0,3,3,5,5,1,0,4,1709.0
0398,18257,288539,8,92,1,1,1,0,0,0,0,0,0,1,3,4,4,5,0,1,32,1946.0
0399,89776,285985,3,36,0,1,0,0,1,0,1,1,1,0,1,5,7,1,1,0,62,1821.0
0400,09320,311102,3,82,2,0,0,1,0,0,0,1,1,0,0,0,0,3,1,0,41,1906.0
0401,04255,296439,1,46,6,0,1,1,1,0,1,0,0,0,5,1,6,0,1,1,93,1857.0
0402,09909,324729,5,41,6,0,1,1,0,0,0,0,0,1,1,5,8,1,0,1,8,1907.0
0403,69576,308702,8,68,4,0,1,0,0,1,1,0,1,1,1,0,1,5,0,0,82,1893.0
0404,96093,306444,1,98,1,0,1,1,0,0,0,1,1,1,0,0,0,2,0,1,82,1742.0
0405,15054,320477,10,18,6,1,0,0,0,0,1,0,1,0,3,3,2,4,1,0,92,1756.0
0406,51669,303946,10,27,2,0,0,0,0,1,1,0,0,0,4,3,3,4,0,0,35,1897.0
0407,51259,328427,7,93,1,0,1,0,0,1,0,1,0,0,4,3,3,3,1,0,62,1879.0
0408,85902,312770,1,85,6,1,0,1,0,1,1,0,0,0,2,0,0,4,1,0,20,1814.0
0409,07766,302782,6,82,2,1,0,0,0,1,1,1,0,0,0,2,1,4,1,1,1,2012.0
0410,96028,292567,3,25,6,0,0,1,1,0,0,0,1,1,0,1,7,1,0,1,56,1712.0
0411,37074,296660,10,75,2,1,1,1,1,0,0,0,1,0,0,0,7,2,0,0,83,1834.0
0412,16930,303580,4,21,2,0,0,0,1,0,1,1,1,0,1,5,10,3,1,1,10,1814.0
0413,65137,319552,2,90,5,1,1,1,1,1,0,0,0,0,1,5,0,5,1,0,22,1894.0
0414,80339,290354,0,31,7,0,0,0,0,0,1,0,0,0,3,0,4,5,1,1,76,1991.0
0415,38028,310749,5,31,5,0,1,0,1,1,1,0,0,1,5,5,5,0,0,1,23,1862.0
0416,70792,318683,2,80,2,1,1,0,0,0,1,1,1,0,5,0,4,4,1,0,60,1890.0
0417,34987,312389,6,43,2,0,0,1,0,1,1,1,0,0,5,1,4,1,0,1,55,1871.0
0418,00917,328732,5,73,2,0,0,1,0,0,0,1,0,1,1,1,3,2,1,0,16,1724.0
0419,25947,301542,3,97,4,0,0,0,1,0,1,0,1,1,5,4,0,2,0,0,92,1724.0
0420,95226,295497,10,56,6,1,0,1,1,0,1,0,1,0,5,0,6,0,0,1,69,1970.0
0421,33841,321012,7,24,5,0,0,1,0,0,0,0,0,0,0,3,9,4,1,0,34,1739.0
0422,89070,305386,7,30,5,1,1,0,1,1,0,0,1,1,4,5,9,2,1,0,63,1945.0
0423,56780,293255,4,23,2,0,0,1,1,1,1,1,0,0,3,4,7,4,0,1,45,1964.0
0424,62461,292738,6,100,0,0,0,1,1,1,1,0,1,1,3,2,1,0,0,0,28,1724.0
0425,83384,318612,1,24,6,0,0,0,0,0,0,0,1,0,4,4,0,5,1,1,80,1944.0
0426,87253,291571,1,82,7,1,0,1,1,0,0,0,0,0,5,4,0,0,0,0,22,1962.0
0427,69434,292626,0,56,4,1,1,1,1,1,1,1,1,1,4,0,3,5,0,0,76,1748.0
0428,77465,317803,8,40,7,0,0,1,0,0,0,1,0,1,2,2,2,0,0,1,30,1965.0
0429,81653,317203,9,20,7,0,0,0,1,1,0,1,1,0,0,3,9,3,0,0,94,1708.0
0430,07561,305552,8,69,4,0,1,1,0,0,1,1,0,1,3,1,3,4,1,1,63,1868.0
0431,55478,290324,9,66,5,1,1,1,0,1,1,0,0,0,0,0,9,0,1,0,41,1973.0
0432,61207,294768,5,22,2,1,0,0,0,0,0,0,0,1,2,2,6,1,1,1,7,1749.0
0433,32090,300723,9,67,0,0,0,0,1,1,0,1,0,0,5,1,4,2,0,1,57,1731.0
0434,29856,315054,4,45,7,0,1,1,0,1,1,1,1,0,3,5,7,0,0,1,59,1853.0
0435,51162,303620,6,97,0,0,0,1,0,0,1,0,0,1,0,1,4,2,0,1,90,1880.0
0436,97400,290919,1,96,6,0,1,0,0,0,1,1,0,0,1,0,6,2,1,1,83,1740.0
0437,00570,298710,2,70,1,0,1,0,0,0,0,0,0,0,2,3,10,0,1,1,45,1888.0
0438,85850,314350,8,81,5,0,0,1,0,0,1,0,1,0,1,3,1,0,0,1,27,1890.0
0439,75838,328309,6,63,0,0,0,0,1,1,0,1,1,0,0,0,1,1,0,1,1,1820.0
0440,19834,325526,3,65,5,0,0,0,0,0,1,1,1,1,1,4,5,2,0,1,6,1910.0
0441,79164,300976,9,52,1,1,1,1,1,1,1,1,0,1,0,0,7,4,1,1,100,1937.0
0442,07523,304977,6,19,5,1,0,0,1,0,1,0,1,1,3,1,6,5,1,0,95,1955.0
0443,86543,327998,6,66,7,0,1,1,0,1,1,1,1,0,4,3,7,0,0,0,55,1830.0
0444,19988,312920,10,21,0,1,1,0,1,0,1,0,1,0,3,4,5,1,1,0,54,1872.0
0445,72224,325578,5,60,6,0,0,1,1,1,1,1,0,0,5,1,9,0,1,0,92,1880.0
0446,01298,294177,10,37,2,1,1,0,0,0,1,0,0,0,0,1,3,1,1,0,34,1740.0
0447,72990,316778,10,39,5,0,1,0,0,0,1,1,0,0,5,1,5,0,1,0,91,1858.0
0448,07181,298961,2,76,5,1,1,0,0,1,1,1,1,1,2,2,9,4,0,0,5,1989.0
0449,26955,294481,7,33,3,0,1,0,0,0,0,1,1,1,2,1,7,0,1,1,21,1898.0
0450,61659,350178,0,78,7,1,1,1,0,0,0,0,0,1,1,4,3,4,0,0,47,1822.0
0451,91903,351606,10,80,5,1,0,1,0,1,0,0,0,0,4,0,2,3,0,1,50,1975.0
0452,16258,345111,7,49,3,1,0,1,0,1,1,0,1,0,2,2,5,4,1,1,75,1748.0
0453,56328,335570,7,48,7,0,0,0,0,0,0,0,0,1,0,4,9,3,0,1,90,1920.0
0454,40604,354264,5,72,6,0,0,0,1,1,0,0,1,0,1,2,0,5,1,0,86,1751.0
0455,92718,331284,6,95,1,1,0,0,1,0,0,0,1,0,3,2,2,4,1,1,4,1736.0
0456,80821,347532,4,83,7,1,1,1,1,1,1,0,0,1,5,4,5,5,1,1,27,1790.0
0457,51723,334646,6,19,1,1,1,1,0,1,0,1,0,1,0,3,6,1,0,0,64,1824.0
0458,59674,357030,2,33,4,0,0,1,0,1,1,0,0,1,2,2,7,4,1,0,15,1733.0
0459,25060,356990,0,73,3,0,1,0,1,1,1,1,0,0,0,0,2,4,1,0,20,1999.0
0460,34435,331218,5,58,2,0,0,0,1,0,0,0,0,1,3,2,2,5,0,1,9,1854.0
0461,96022,333096,6,65,3,1,1,0,0,1,1,1,1,0,2,4,5,0,1,1,87,1748.0
0462,96035,359022,3,33,6,0,1,1,1,1,0,1,0,0,5,4,9,2,0,1,64,1953.0
0463,03834,359499,0,99,5,0,1,0,0,1,0,1,1,0,0,5,5,1,1,0,40,1994.0
0464,67680,350428,1,78,2,1,1,0,0,0,1,1,1,1,5,5,9,0,1,1,88,1939.0
0465,97053,337173,0,54,6,1,0,1,1,0,1,0,1,0,3,2,1,5,0,0,90,1912.0
0466,75021,343719,7,87,2,1,1,0,0,0,0,0,1,1,5,2,8,0,1,1,2,1926.0
0467,71462,358264,1,89,4,0,1,0,0,0,0,0,1,1,0,2,3,3,0,0,16,1990.0
0468,71764,350415,6,39,2,0,0,0,0,1,1,0,1,0,4,5,9,4,0,0,16,1914.0
0469,07935,359361,7,89,6,0,0,1,1,0,1,0,0,0,5,5,2,0,0,0,9,1857.0
0470,78654,351189,6,100,5,1,0,0,0,0,1,0,1,0,2,4,9,0,1,1,53,1925.0
0471,58869,356139,3,22,0,0,1,1,0,1,0,1,1,0,3,5,2,3,1,1,28,1832.0
0472,59056,334723,7,68,4,1,1,0,0,0,1,0,0,1,3,5,8,2,0,0,18,1792.0
0473,63903,357707,5,91,3,0,0,1,0,1,0,0,1,1,1,4,7,3,0,0,18,1772.0
0474,27863,357428,5,75,3,1,0,1,1,1,0,1,0,0,1,0,3,1,1,1,42,1979.0
0475,52792,335417,8,31,4,0,0,0,1,0,1,1,0,0,5,0,0,2,0,0,98,1955.0
0476,04377,352659,7,93,4,0,1,1,1,0,1,0,0,0,1,1,0,2,0,0,3,1897.0
0477,27474,336749,3,44,6,0,1,0,0,0,1,1,0,1,2,5,9,3,0,0,33,1962.0
0478,68049,349639,7,67,4,0,1,1,0,0,1,1,1,1,4,5,1,3,1,1,36,1824.0
0479,70173,357317,10,53,0,0,1,0,1,1,1,0,0,1,4,5,2,3,0,0,89,1762.0
0480,06502,334492,1,86,5,0,1,1,1,0,1,0,1,1,2,1,7,3,0,1,55,1738.0
0481,95810,338223,4,63,0,0,0,0,0,0,0,0,0,0,0,5,3,5,1,0,11,1734.0
0482,46638,350239,4,55,0,1,0,1,0,0,1,1,0,0,1,0,1,3,1,0,100,1768.0
0483,69504,347896,1,82,4,0,1,1,0,1,0,0,1,1,3,1,4,0,0,0,66,1914.0
0484,99879,335131,9,32,3,1,0,1,0,0,0,1,1,1,5,4,2,3,0,0,41,1741.0
0485,06677,345620,1,25,1,1,1,1,0,0,0,0,0,0,0,0,8,2,0,0,2,1914.0
0486,00836,350432,7,59,7,0,1,1,1,0,0,1,1,0,4,3,0,2,1,0,93,1889.0
0487,84296,336535,7,88,7,1,1,1,0,1,0,1,1,1,3,5,10,0,1,1,66,1814.0
0488,04410,356745,7,100,6,0,0,1,0,0,1,0,0,0,1,0,7,0,0,1,58,1843.0
0489,10119,350489,5,55,6,0,1,0,0,0,0,1,0,1,4,3,8,1,0,0,3,1829.0
0490,15447,330957,3,93,4,0,0,1,0,1,1,0,1,0,2,5,8,4,0,0,85,1730.0
0491,46277,353814,2,69,5,1,1,1,1,1,1,1,1,0,5,4,7,0,0,0,13,1791.0
0492,70418,337617,0,73,6,0,0,0,1,0,0,0,0,0,3,5,7,4,0,1,63,1977.0
0493,81549,337414,6,84,3,0,0,0,1,0,0,0,1,0,2,0,5,5,0,0,95,1744.0
0494,41967,334280,1,95,5,0,1,0,1,1,1,0,1,1,2,1,3,4,0,0,66,2010.0
0495,88038,333175,10,62,2,0,0,0,1,0,0,1,0,0,5,3,5,3,0,1,14,1771.0
0496,57307,332482,3,29,3,1,1,0,1,1,0,0,0,1,4,3,2,5,0,1,3,1816.0
0497,60133,354015,6,58,5,0,0,0,1,1,0,1,1,0,2,1,9,1,1,1,74,2016.0
0498,99132,351068,9,25,7,0,1,1,0,0,1,1,0,0,4,1,3,0,0,0,5,1776.0
0499,29399,334119,0,54,6,0,1,1,1,0,1,1,0,0,0,5,1,5,1,0,80,1870.0
0500,18021,405627,8,63,2,0,0,1,1,0,1,0,0,0,4,5,10,1,1,0,87,1859.0
0501,33387,418063,10,52,1,1,0,0,1,0,1,1,1,1,1,2,9,4,0,0,70,1980.0
0502,09047,409309,10,79,7,0,0,1,1,1,1,0,0,0,3,0,0,2,0,0,29,2007.0
0503,15385,360510,7,76,6,1,0,1,1,1,1,0,0,0,3,1,2,4,1,0,61,1713.0
0504,35690,374964,3,21,1,0,1,0,1,1,0,1,1,0,4,5,2,3,1,0,99,1867.0
0505,60445,407988,0,20,4,1,0,1,1,0,1,1,1,0,1,1,9,3,0,1,39,1964.0
0506,51049,397737,3,47,2,1,0,1,1,0,1,1,0,1,3,3,0,0,1,1,9,1730.0
0507,04291,377406,4,87,2,0,0,0,1,0,1,1,0,0,0,1,9,5,0,0,90,1966.0
0508,29313,419105,0,76,5,0,1,0,0,0,0,0,1,1,2,2,1,0,1,1,22,2021.0
0509,27521,378663,1,79,3,1,1,1,0,1,0,0,0,1,3,2,10,1,0,1,29,1880.0
0510,23351,412617,2,58,5,1,0,1,0,1,1,0,0,0,3,4,7,5,0,1,36,1802.0
0511,52694,416451,6,83,0,1,0,0,1,1,0,1,0,1,0,2,7,3,1,0,7,1842.0
0512,89218,378186,9,73,7,1,0,0,0,1,0,1,0,0,0,5,1,5,1,1,13,1894.0
0513,10879,418905,7,90,2,1,1,1,1,0,0,1,1,0,0,4,5,3,0,0,45,1909.0
0514,97970,411730,9,28,7,1,1,0,0,1,1,1,1,1,5,3,9,2,0,1,83,1971.0
0515,40066,399316,10,63,1,0,1,1,1,0,1,1,0,1,2,4,0,3,1,1,3,1951.0
0516,72054,361590,0,62,1,1,0,1,1,0,1,1,1,0,5,1,1,0,0,0,50,1869.0
0517,06719,406643,1,24,1,1,1,1,0,0,1,1,1,0,4,2,8,3,0,0,60,1940.0
0518,57111,390282,6,72,6,0,1,1,0,0,1,1,0,1,3,0,6,1,0,1,46,2003.0
0519,23634,368503,2,19,1,0,1,0,0,0,1,0,1,1,3,2,2,5,0,1,49,2008.0
0520,02351,385460,2,80,1,1,0,0,0,1,1,0,0,1,1,5,10,2,0,0,80,2010.0
0521,05878,393982,2,53,4,1,0,1,0,1,0,0,1,1,4,2,7,2,0,0,29,1926.0
0522,21793,360698,5,78,4,0,1,1,0,1,0,1,0,0,0,2,3,1,1,0,68,1754.0
0523,63368,394463,10,83,5,0,0,0,0,1,0,0,0,1,5,0,5,5,1,0,88,1948.0
0524,24344,415852,6,83,0,1,0,0,1,0,0,1,0,1,3,1,10,0,0,1,20,1929.0
0525,70993,364699,9,26,3,0,1,0,1,0,0,0,0,1,4,3,8,5,1,0,95,1936.0
0526,38340,366368,6,60,1,1,1,1,1,0,0,0,1,0,0,0,8,4,0,0,61,1914.0
0527,61964,380988,2,48,1,1,1,0,0,0,1,0,1,0,2,4,1,0,1,1,23,1914.0
0528,07049,401323,6,78,5,1,1,1,0,0,0,0,1,1,4,3,6,3,1,1,23,1771.0
0529,29033,416783,1,57,6,0,1,1,0,1,0,0,1,0,5,1,7,1,1,1,11,1780.0
0530,69327,391942,5,68,2,1,1,0,1,1,1,1,0,1,4,4,7,3,1,0,27,1833.0
0531,17759,401986,6,64,3,0,1,0,1,1,1,0,1,0,3,1,9,3,0,0,50,1782.0
0532,70892,387118,4,27,4,0,1,1,0,1,0,0,0,0,3,4,1,5,0,1,16,1809.0
0533,86723,367339,8,73,1,0,1,1,0,1,0,1,1,1,1,1,4,0,1,1,11,1740.0
0534,11217,365095,8,73,7,0,1,0,1,0,0,1,1,1,0,2,9,2,1,0,53,2023.0
0535,65199,402107,6,31,6,0,0,1,0,0,1,0,0,1,5,3,3,5,1,0,90,1970.0
0536,69745,417353,0,63,6,1,0,1,1,1,1,0,1,1,2,4,9,3,1,1,16,1902.0
0537,04573,365411,0,77,3,1,0,1,0,0,1,1,1,1,0,3,5,1,0,0,32,1776.0
0538,04010,374210,6,71,4,1,0,0,1,1,0,1,0,1,0,3,0,2,0,1,5,1910.0
0539,61420,384556,0,28,1,0,1,0,1,1,0,1,1,1,2,0,10,0,0,0,55,1826.0
0540,29105,395798,3,48,2,0,0,1,0,0,1,1,1,0,0,3,2,5,1,1,16,1887.0
0541,57433,387476,3,35,2,0,1,1,1,1,1,1,1,0,5,1,0,4,0,0,34,1886.0
0542,76617,419692,7,27,0,1,1,1,0,1,0,0,0,1,2,3,9,0,1,1,50,1724.0
0543,53044,412835,6,37,0,0,0,1,1,1,0,0,0,1,0,4,3,2,0,1,2,1978.0
0544,19054,413822,10,90,7,0,0,0,1,1,1,0,0,0,5,4,5,3,0,0,40,1742.0
0545,76900,397645,1,81,6,0,1,1,1,1,0,0,1,0,5,0,5,0,0,1,6,1821.0
0546,36359,407588,8,77,0,0,0,1,0,0,1,1,0,0,3,4,4,3,1,0,82,1989.0
0547,53418,372138,7,96,7,1,0,1,0,0,0,0,0,1,1,5,2,4,0,0,44,2020.0
0548,02544,390761,10,21,5,1,1,1,0,0,1,0,0,0,0,1,8,1,1,1,48,1984.0
0549,87843,392626,8,89,1,1,0,1,1,1,1,0,1,1,0,5,9,1,0,0,93,1830.0
0550,22839,466369,9,56,2,1,1,0,1,1,1,1,1,1,0,0,4,4,1,1,19,1702.0
0551,47806,494788,7,21,7,1,0,0,0,1,1,0,1,0,5,4,10,3,0,0,7,1772.0
0552,70935,462943,3,30,1,1,0,0,0,0,0,0,1,1,2,1,3,2,1,0,56,1837.0
0553,78694,449925,2,30,3,1,0,1,0,1,0,0,1,0,1,3,0,5,0,1,29,1775.0
0554,98975,453223,10,92,5,0,1,0,0,0,1,1,1,0,1,2,8,4,1,0,20,1900.0
0555,86029,489327,10,37,2,0,1,0,1,1,1,0,1,1,5,1,8,4,1,0,91,1832.0
0556,01039,480779,5,50,0,0,1,0,1,0,1,1,0,0,2,1,5,1,0,1,94,1911.0
0557,24793,426654,4,39,7,0,1,0,1,1,0,1,0,0,4,2,8,4,0,1,68,1967.0
0558,93327,472188,8,75,5,1,1,0,0,1,0,1,1,1,3,0,10,5,1,0,14,1737.0
0559,65084,465628,10,85,7,0,1,1,1,1,0,0,1,0,2,2,1,4,0,1,41,2008.0
0560,82598,490133,0,93,2,0,0,1,0,1,1,0,1,0,2,2,5,5,0,1,11,1758.0
0561,90068,438696,10,59,3,0,0,1,0,0,0,1,0,1,4,4,6,4,1,1,69,1793.0
0562,05412,498361,2,87,2,0,0,0,0,0,1,1,0,1,5,3,5,5,1,1,96,1834.0
0563,47994,499102,2,21,2,1,0,0,1,1,1,0,0,0,3,5,7,4,1,0,16,1743.0
0564,35314,489665,0,19,3,0,1,0,1,1,1,1,1,1,0,4,2,1,1,1,91,1935.0
0565,38025,448343,8,82,4,1,0,1,1,1,1,1,0,0,4,0,4,3,1,0,47,1875.0
0566,40817,457449,2,38,1,1,1,0,1,0,0,0,0,1,1,4,7,3,1,0,91,1770.0
0567,92627,443539,10,67,0,0,0,0,1,1,1,1,1,0,0,1,7,1,1,0,72,1710.0
0568,88627,435556,2,23,1,1,1,1,0,0,1,1,1,1,5,1,10,2,0,1,75,1704.0
0569,12769,443415,10,28,2,0,1,0,1,0,1,0,0,1,1,0,0,0,1,0,45,1963.0
0570,11772,459037,10,49,2,1,1,0,0,1,1,1,0,0,5,3,5,3,1,1,91,1990.0
0571,03816,425662,1,61,0,1,1,0,0,0,1,0,1,1,2,0,1,0,0,1,74,1948.0
0572,89302,429989,4,83,2,0,0,0,1,1,0,0,0,0,5,3,3,2,0,1,83,1849.0
0573,43128,488319,10,88,6,0,1,1,0,0,1,1,1,0,0,3,10,4,1,1,8,1878.0
0574,73972,437129,7,79,4,0,1,0,1,0,0,0,0,1,3,2,6,2,0,1,35,1886.0
0575,35354,498556,10,97,6,1,0,1,0,0,1,1,1,1,0,3,5,2,0,0,65,1971.0
0576,30084,486850,1,93,1,1,0,1,1,0,0,0,1,0,2,0,2,2,1,0,29,1955.0
0577,09711,481465,7,28,1,0,1,0,0,1,1,1,0,0,0,1,9,2,1,0,49,1952.0
0578,35654,426164,2,72,4,0,1,0,0,1,0,1,1,0,0,5,9,2,1,0,37,1995.0
0579,95227,464469,5,75,1,1,1,0,0,0,0,0,0,1,4,4,8,1,1,1,83,1793.0
0580,87178,488212,7,41,5,0,1,1,0,0,0,0,0,1,1,4,5,4,0,0,74,1709.0
0581,11731,443736,7,82,0,1,1,0,0,0,1,0,0,0,1,5,10,0,0,1,52,1982.0
0582,96251,441960,9,88,7,0,1,0,1,1,0,1,1,1,4,1,2,0,1,1,22,2013.0
0583,15922,452621,4,28,6,0,0,0,1,1,1,1,1,1,4,4,9,0,0,1,81,1926.0
0584,40997,427403,9,54,7,1,1,0,0,0,1,1,1,0,2,3,4,1,0,1,59,1930.0
0585,92198,445690,4,95,6,1,0,0,0,1,1,0,1,0,5,5,8,5,1,0,96,1937.0
0586,86966,449638,10,20,1,0,1,0,1,0,0,1,1,0,5,3,4,2,0,1,52,1745.0
0587,96315,423933,10,62,5,0,0,0,1,1,1,1,1,0,5,5,8,3,0,1,88,1916.0
0588,75440,439738,5,95,4,0,1,0,0,0,1,0,0,0,4,4,3,4,0,0,52,1904.0
0589,47198,452606,10,51,2,0,1,1,0,1,0,1,0,1,5,4,8,0,0,0,47,1709.0
0590,57278,472692,0,30,6,0,1,1,0,0,1,0,0,1,1,4,3,3,0,1,32,1711.0
0591,78359,483099,7,95,7,0,1,1,1,0,0,0,0,0,4,1,6,3,0,1,72,1764.0
0592,59666,493816,4,28,3,1,1,1,0,1,1,0,1,0,2,2,1,1,0,0,49,1906.0
0593,48543,423456,1,52,3,0,0,0,0,0,0,0,1,1,0,4,3,4,0,1,60,1724.0
0594,75855,457574,9,38,5,0,0,1,0,0,0,1,0,0,1,3,7,1,1,0,60,1928.0
0595,94514,479220,1,25,5,0,0,0,1,0,1,1,1,0,2,5,7,2,0,0,12,1778.0
0596,93282,443189,4,79,1,1,1,0,0,1,1,0,0,1,1,0,3,4,0,0,50,1798.0
0597,11463,442703,10,72,2,1,0,0,0,1,1,1,0,0,3,0,3,3,0,0,84,1932.0
0598,11384,466158,4,67,2,1,0,1,1,1,1,0,1,1,1,3,0,2,1,0,58,1702.0
0599,63483,444643,9,34,2,1,0,0,1,0,1,0,0,0,3,5,10,3,1,0,89,1861.0
0600,92627,631127,8,45,6,1,1,0,0,1,1,0,1,0,4,0,5,0,1,0,59,1988.0
0601,45007,583232,8,54,5,1,1,1,0,0,0,0,1,1,3,2,8,5,0,1,100,2019.0
0602,52940,533672,4,70,2,1,1,1,1,0,1,1,0,1,2,0,4,2,0,1,52,1711.0
0603,24162,506452,10,29,1,1,1,1,0,1,1,1,1,0,5,1,0,2,0,0,51,1984.0
0604,52948,535375,2,87,5,0,1,0,0,0,1,1,1,1,3,3,2,1,0,1,19,1979.0
0605,52659,562580,7,69,3,0,1,1,0,1,1,1,0,1,1,5,1,3,0,1,1,1831.0
0606,35924,553557,3,52,4,1,1,0,0,1,1,0,0,0,2,3,2,0,0,1,8,1836.0
0607,85371,544872,10,52,5,1,1,0,0,1,0,0,1,1,2,1,1,0,0,0,44,1999.0
0608,80206,643562,8,96,7,0,1,1,1,0,1,0,0,0,1,4,5,5,0,1,71,1948.0
0609,27901,562148,5,28,1,0,0,0,0,0,0,0,1,1,4,0,5,3,1,1,49,1930.0
0610,88360,555134,0,42,7,0,1,0,0,0,0,0,0,1,3,4,10,3,0,0,18,2004.0
0611,36490,655342,6,72,2,1,0,1,0,0,0,0,0,0,4,1,1,1,0,0,26,1812.0
0612,14781,629240,9,70,0,1,0,1,1,1,0,1,1,0,3,5,9,0,0,0,49,1912.0
0613,63278,501736,0,73,7,1,1,1,1,1,0,1,0,0,4,5,0,1,0,0,8,1915.0
0614,09469,658477,7,63,7,0,0,0,1,1,1,1,0,1,1,1,6,3,0,0,50,1962.0
0615,06212,501980,8,40,5,1,1,0,1,0,0,0,0,1,1,4,7,1,0,1,25,1762.0
0616,80494,519147,0,24,1,0,1,1,0,1,1,0,1,1,2,0,3,5,1,1,1,1941.0
0617,71453,563903,10,70,6,0,1,0,1,0,1,0,1,1,2,3,5,4,0,1,91,1894.0
0618,41439,504298,9,56,1,0,1,0,1,0,1,1,0,0,4,2,3,1,0,1,96,1866.0
0619,43563,612595,2,30,2,0,1,1,1,0,0,1,1,1,4,0,9,3,0,1,76,1794.0
0620,98953,514175,5,64,3,1,0,0,1,1,1,1,1,0,4,2,7,0,1,1,9,1916.0
0621,14676,606950,9,44,4,0,0,0,1,0,0,1,0,0,3,5,5,4,0,0,64,1833.0
0622,84916,655807,2,85,4,0,0,0,0,0,1,0,0,0,4,2,1,3,0,0,48,1983.0
0623,36150,659736,3,69,3,0,1,0,1,1,0,0,1,0,4,5,3,5,0,0,45,1786.0
0624,98349,535699,2,43,4,1,1,1,0,1,1,0,0,0,4,1,4,3,1,0,72,1841.0
0625,13459,548779,4,81,3,1,1,0,0,1,0,1,1,1,4,0,5,4,1,0,7,1951.0
0626,13634,526599,8,32,5,0,0,1,0,1,1,0,0,0,0,5,1,1,0,1,88,1805.0
0627,62040,535694,5,41,1,0,1,1,1,1,0,0,0,0,0,3,10,2,0,0,4,1808.0
0628,02170,592401,8,51,2,1,0,0,1,0,0,1,1,1,0,2,9,5,0,1,53,1888.0
0629,25790,587124,2,73,0,1,0,1,1,0,1,1,0,1,3,1,9,4,1,1,13,1822.0
0630,02578,595280,2,94,6,1,1,1,0,0,1,0,0,0,3,2,5,5,0,0,43,1765.0
0631,40303,640227,10,92,7,0,1,1,0,1,1,1,1,0,4,0,4,2,1,1,1,1967.0
0632,61425,571515,0,58,4,1,1,0,1,1,0,1,0,0,1,4,1,4,1,1,26,1904.0
0633,54994,565064,0,68,2,0,0,0,1,1,1,1,0,1,3,4,10,1,0,0,38,1818.0
0634,00271,514976,5,83,2,1,1,1,0,0,1,1,1,1,4,0,3,4,1,0,66,2016.0
0635,22403,623704,8,18,5,0,1,0,1,0,0,1,0,0,4,3,4,5,1,1,47,1959.0
0636,98843,564851,4,73,6,1,1,1,0,0,1,0,0,1,0,5,7,0,0,0,35,1778.0
0637,70581,638243,5,70,1,0,1,1,0,0,1,0,0,0,3,2,1,3,0,0,3,1859.0
0638,56682,588147,9,43,7,0,1,1,1,1,1,0,0,0,3,4,10,1,1,0,36,1839.0
0639,72769,609258,2,33,6,0,0,0,1,1,0,1,0,1,4,3,6,2,1,0,26,1855.0
0640,78762,619957,4,75,5,0,0,1,1,0,0,1,1,0,3,5,2,4,1,0,31,1791.0
0641,64511,555862,5,61,3,0,0,0,0,0,0,0,1,1,2,5,0,2,1,1,46,1713.0
0642,24696,584126,1,45,6,1,0,0,1,1,0,0,1,0,4,5,9,4,0,0,87,1713.0
0643,86680,600512,0,68,4,0,0,1,1,0,1,1,0,0,0,5,8,1,1,1,81,1803.0
0644,09295,555891,2,95,0,1,0,0,0,1,0,1,1,1,3,2,0,4,1,1,5,1837.0
0645,33421,572051,8,67,6,1,0,0,1,1,0,0,1,1,5,4,7,2,1,1,5,1930.0
0646,94116,639890,1,55,0,0,1,1,0,1,0,1,1,0,5,5,4,4,0,1,71,1764.0
0647,48190,631836,2,81,5,0,0,0,0,0,0,1,1,0,5,3,7,2,0,1,41,1781.0
0648,51530,560604,10,97,4,1,0,0,1,1,1,0,0,0,2,2,6,4,1,1,15,1799.0
0649,91789,544723,1,84,2,0,1,1,1,0,1,1,0,0,3,4,5,5,0,1,15,1765.0
0650,74831,588967,3,30,7,0,1,1,0,1,1,1,0,0,4,4,9,1,0,1,13,1756.0
0651,03376,593208,0,80,4,1,0,0,1,0,0,1,0,0,3,0,9,2,1,0,54,1868.0
0652,93577,527583,6,41,3,0,1,1,0,0,1,1,0,0,1,3,5,0,1,0,30,2019.0
0653,22848,545749,9,51,0,0,1,0,0,1,1,1,0,0,2,0,9,2,0,1,88,1998.0
0654,51438,576202,10,85,5,1,1,1,0,1,0,0,1,0,2,3,4,0,0,1,91,1804.0
0655,95296,545996,3,95,2,0,0,0,0,1,0,1,0,1,3,0,9,0,1,0,92,1857.0
0656,41670,624836,10,32,5,0,0,0,1,1,0,1,1,1,0,3,5,5,1,0,100,1743.0
0657,31177,580419,0,39,4,1,0,1,0,1,1,1,1,0,5,2,7,3,1,0,2,1944.0
0658,44367,590654,1,21,1,0,1,0,0,0,0,1,1,1,4,4,0,2,0,1,59,1960.0
0659,41920,651421,6,28,1,0,1,0,0,1,0,0,1,0,4,3,4,5,1,0,44,1817.0
0660,02359,562485,5,83,6,1,1,0,1,0,0,0,0,0,0,3,2,5,0,0,71,1759.0
0661,20133,618526,1,76,6,1,1,0,0,0,1,0,1,1,0,3,0,2,0,1,27,2020.0
0662,05396,547468,6,58,6,0,1,0,1,0,0,1,0,1,2,4,3,5,1,0,44,1898.0
0663,24349,516789,5,76,0,0,0,0,0,0,0,1,1,1,3,4,9,5,1,1,63,1800.0
0664,25097,541407,6,76,5,1,1,0,0,1,1,0,0,1,5,3,3,3,0,0,14,2007.0
0665,25074,640402,8,45,1,0,1,1,1,0,1,1,0,1,3,3,6,5,1,1,15,1928.0
0666,26377,507378,4,25,1,0,1,1,0,1,1,0,0,1,3,3,8,5,1,1,48,1712.0
0667,17538,631015,10,46,1,0,0,0,0,0,0,1,1,1,3,1,0,2,1,0,75,1897.0
0668,49128,571816,3,39,6,0,1,0,0,0,0,0,0,1,2,1,2,3,0,1,18,1879.0
0669,92595,607369,3,91,3,1,1,0,1,0,0,1,1,1,0,0,8,0,0,1,35,1725.0
0670,38198,533990,7,31,0,1,0,0,1,1,0,0,1,0,0,3,7,1,1,1,22,1999.0
0671,89111,527580,4,40,6,1,0,1,1,0,1,1,0,0,1,0,10,5,0,0,91,2007.0
0672,13132,600140,7,90,6,0,0,1,0,1,1,0,0,1,0,0,10,2,0,0,2,1822.0
0673,64015,575570,1,31,7,0,1,1,0,1,0,0,0,0,5,1,5,2,0,0,31,1894.0
0674,26688,608104,7,21,0,0,0,0,1,1,1,0,1,1,5,1,10,4,0,0,1,1841.0
0675,71437,576394,7,40,5,0,0,1,1,1,1,1,1,0,0,5,2,1,1,0,2,1932.0
0676,85003,579874,6,58,3,0,1,0,1,0,0,0,1,0,1,0,1,4,1,0,86,1781.0
0677,31980,629743,9,94,4,1,1,1,1,0,1,0,1,1,2,5,6,5,0,1,1,1786.0
0678,90232,596861,10,91,5,0,1,1,0,1,1,0,0,1,0,1,5,2,0,1,88,1722.0
0679,69741,541511,4,66,3,0,1,0,1,1,1,1,0,0,5,2,3,1,1,0,54,1718.0
0680,57782,557274,7,37,6,1,0,1,0,1,1,1,1,0,0,3,3,3,1,0,4,1754.0
0681,48486,641373,0,37,0,1,0,0,0,1,0,0,1,1,2,0,5,3,1,0,36,1788.0
0682,26681,561682,6,67,0,1,0,1,1,1,1,1,1,0,0,5,10,0,1,0,0,1762.0
0683,81226,596149,0,93,3,0,0,1,1,1,0,1,1,0,5,1,0,0,1,1,87,1802.0
0684,83033,613621,8,77,3,0,1,1,1,1,0,0,0,1,1,5,2,1,0,1,77,1766.0
0685,04733,539519,1,64,7,1,1,0,1,0,0,1,1,1,3,3,9,2,0,1,35,1788.0
0686,93995,612720,0,74,7,1,0,1,1,1,0,0,1,0,0,3,9,5,1,1,18,2019.0
0687,77644,626099,9,62,5,1,1,0,1,0,1,1,1,0,4,0,1,1,1,1,99,1896.0
0688,54547,514072,5,71,4,1,1,0,0,1,0,0,0,1,0,5,4,3,1,1,2,1725.0
0689,27955,532640,7,62,5,0,0,1,1,1,0,0,1,0,5,1,5,2,0,1,55,1788.0
0690,00278,654536,3,93,6,1,0,0,1,0,0,0,0,0,0,2,3,1,0,0,86,1977.0
0691,76964,627077,1,67,5,1,0,1,0,1,0,0,1,0,4,2,4,4,0,1,34,1864.0
0692,85460,521426,5,73,7,1,0,1,0,1,0,1,0,0,4,3,8,2,1,1,22,1720.0
0693,61312,651908,3,71,5,1,0,0,0,0,0,1,0,1,2,1,4,1,0,0,43,1726.0
0694,54607,586414,3,67,4,0,0,0,0,0,1,0,0,0,1,2,7,1,0,1,66,1999.0
0695,59767,594769,6,68,5,1,1,0,1,1,0,1,0,1,0,3,10,1,0,1,96,2009.0
0696,53231,615635,3,43,5,0,1,1,0,0,1,0,0,0,0,0,8,0,0,1,47,1797.0
0697,56853,642164,9,92,5,0,1,0,1,1,0,0,0,0,5,4,7,2,1,0,43,1709.0
0698,40092,546663,0,32,7,1,0,0,0,0,0,0,0,0,3,5,3,4,0,0,2,1990.0
0699,42771,606158,8,20,4,0,0,0,0,0,0,0,0,0,2,4,7,5,0,0,80,1837.0
0700,28115,514799,5,33,0,0,0,1,1,1,0,1,1,0,2,5,4,3,0,1,31,1889.0
0701,84218,649377,7,24,1,1,1,1,0,0,0,1,0,0,3,3,3,1,0,1,40,1955.0
0702,92632,605541,10,87,3,1,0,1,1,0,0,1,0,0,5,3,10,2,0,0,0,1879.0
0703,06234,602947,7,63,6,1,1,1,1,0,1,0,1,1,3,2,7,4,0,1,78,1835.0
0704,91565,599145,10,25,5,1,1,0,1,0,1,1,1,0,4,0,4,0,1,0,62,1989.0
0705,32294,640849,6,19,7,0,1,0,0,0,0,1,1,0,1,5,3,2,0,1,63,1996.0
0706,82345,614801,5,36,0,1,0,1,1,0,1,0,0,0,3,4,10,4,1,1,5,1977.0
0707,28424,538675,8,82,5,0,1,0,1,0,0,1,0,1,0,2,9,4,0,1,44,1863.0
0708,14914,645047,5,50,6,1,1,0,0,0,1,1,1,0,0,4,7,4,0,1,77,2003.0
0709,88882,655860,3,54,5,1,1,1,1,0,0,1,1,0,4,2,6,5,1,1,64,1959.0
0710,65474,605781,10,58,7,1,0,0,1,1,1,1,0,1,5,5,3,2,0,1,9,2001.0
0711,11758,612367,2,52,4,1,0,0,1,1,0,0,1,0,4,0,5,1,1,0,75,1771.0
0712,16082,632557,8,99,2,1,0,0,1,0,0,1,0,0,3,0,2,4,1,0,13,1856.0
0713,58855,631681,8,23,2,0,1,0,1,0,0,0,0,0,4,0,9,3,0,0,21,2008.0
0714,95644,548582,1,97,0,0,1,1,0,1,1,0,1,1,5,4,1,0,1,0,38,1833.0
0715,83859,532912,4,76,0,0,1,1,0,0,0,1,1,0,1,5,1,2,0,0,87,1849.0
0716,58419,630419,4,52,3,0,0,1,0,0,0,0,1,1,0,1,5,5,0,0,13,1834.0
0717,20220,618603,5,55,7,0,1,0,1,1,1,1,0,0,1,1,7,4,0,1,8,1872.0
0718,45546,542103,6,98,4,1,0,0,0,0,1,1,0,0,3,3,4,5,1,1,95,1919.0
0719,66185,547448,2,20,7,1,1,0,0,0,0,0,0,1,4,5,4,5,1,1,90,1947.0
0720,14531,640829,7,38,5,1,1,1,0,0,0,1,1,0,2,2,3,1,0,0,47,1770.0
0721,01299,594699,8,87,6,1,0,1,1,0,1,0,1,1,3,2,4,2,1,0,86,1770.0
0722,96899,628830,1,79,0,1,0,1,1,0,1,1,0,0,1,1,1,1,0,0,59,1726.0
0723,04015,538054,3,77,1,1,1,1,0,0,1,0,0,0,5,5,4,5,0,0,5,1798.0
0724,53499,569253,10,67,1,1,1,1,0,0,1,0,0,1,2,5,4,2,0,0,88,1920.0
0725,64147,649615,8,26,1,0,1,0,0,1,1,0,0,0,1,3,2,5,1,0,42,2012.0
0726,64118,544801,9,90,5,0,0,0,0,1,1,0,0,1,5,0,10,4,1,1,76,1892.0
0727,26559,519339,2,98,5,1,0,1,1,1,0,0,1,1,5,1,6,1,1,1,51,1889.0
0728,26185,526714,8,48,7,1,1,0,1,1,1,0,1,0,5,1,0,1,1,0,41,1712.0
0729,57402,586906,9,57,0,1,1,0,1,0,1,1,0,0,4,5,5,1,0,1,46,1947.0
0730,38087,606150,5,64,0,1,0,1,0,1,1,1,0,1,3,4,8,5,0,0,39,1825.0
0731,16172,612208,1,39,0,1,0,0,1,0,1,1,1,1,2,3,6,0,1,1,99,1734.0
0732,70619,545088,0,57,0,1,1,0,0,0,0,0,0,1,0,2,4,4,0,1,50,1702.0
0733,56176,626579,5,90,2,0,1,0,0,0,0,0,1,0,1,1,6,5,0,0,7,1795.0
0734,95551,656697,9,22,4,0,1,0,1,0,1,0,0,0,1,5,9,1,1,0,25,1877.0
0735,65702,617888,1,86,5,0,0,0,1,1,0,0,1,0,0,3,1,1,1,0,58,1885.0
0736,11220,564748,0,25,2,0,0,0,1,1,1,1,0,1,4,4,1,1,0,1,30,1788.0
0737,01220,592734,3,37,6,0,1,0,1,0,1,1,0,1,5,2,4,3,0,1,3,1716.0
0738,36405,566263,9,36,4,0,0,1,0,1,0,0,1,1,4,1,7,3,1,0,33,1702.0
0739,08472,553218,3,84,2,1,1,0,1,1,1,0,0,0,4,0,2,4,1,1,46,1840.0
0740,95488,624415,8,58,0,1,0,1,0,0,0,1,1,0,3,4,5,0,1,0,86,1840.0
0741,55301,617036,6,25,0,1,0,0,0,0,1,0,0,0,5,1,4,4,0,1,16,1970.0
0742,59752,588971,7,58,5,0,0,1,1,1,0,0,0,1,2,2,0,3,0,0,13,1724.0
0743,76129,523670,3,28,5,1,1,0,0,1,0,1,1,1,0,0,5,1,1,0,4,1818.0
0744,46642,609011,3,95,6,0,1,1,1,0,0,0,0,1,2,0,7,5,0,0,72,2002.0
0745,62005,569634,10,64,5,1,0,0,0,1,1,1,1,0,4,4,3,0,0,0,14,1891.0
0746,44697,554718,4,91,2,1,0,0,0,1,1,1,1,1,1,1,6,3,0,1,15,1963.0
0747,63694,604262,0,58,1,0,1,1,0,1,0,1,0,1,2,4,4,0,1,1,23,1976.0
0748,33150,647308,9,33,7,0,0,0,1,1,0,0,0,1,4,0,7,4,1,1,65,1892.0
0749,81196,565107,2,32,6,0,1,1,0,0,1,1,0,1,3,2,9,5,0,0,79,1967.0
0750,95383,704812,7,36,5,1,0,0,0,1,1,0,1,1,2,1,3,0,1,1,31,1801.0
0751,99971,688154,4,99,3,1,1,1,1,1,1,0,0,0,1,4,5,5,1,1,77,1742.0
0752,38984,689480,6,69,7,1,1,0,0,0,0,0,1,0,4,5,8,5,0,0,99,1931.0
0753,01333,663910,1,42,3,0,1,0,0,0,1,1,1,1,2,5,10,3,1,0,85,2010.0
0754,27722,702948,8,70,1,1,1,0,1,0,1,0,0,0,4,0,2,3,1,1,74,1878.0
0755,46413,705649,9,78,2,0,0,0,0,0,0,0,1,1,0,4,5,0,0,0,65,1751.0
0756,92582,667987,7,19,7,1,0,0,1,0,1,1,1,0,1,0,0,0,0,1,4,1709.0
0757,24135,712272,7,30,1,0,1,1,1,1,1,0,1,0,1,3,6,5,1,1,35,1992.0
0758,66793,708475,1,77,5,1,0,0,1,1,1,0,1,1,5,5,6,4,0,1,44,1814.0
0759,25111,690813,7,60,4,1,1,0,1,1,1,0,0,1,1,0,10,0,0,0,34,1884.0
0760,86838,664231,0,21,6,0,1,0,1,0,1,1,1,1,5,0,2,4,0,0,65,1837.0
0761,00203,665911,4,65,0,0,1,1,0,0,0,0,1,1,1,5,5,4,1,1,59,1788.0
0762,25980,713276,0,83,7,1,1,0,0,0,1,1,0,1,5,4,1,2,1,1,58,1892.0
0763,41193,704609,4,55,3,0,0,0,1,1,1,1,0,1,5,2,8,4,0,0,85,1714.0
0764,60963,668237,0,38,7,1,1,1,0,1,0,1,1,1,2,2,9,5,0,1,89,1813.0
0765,64663,702000,7,98,0,1,0,1,1,0,0,1,1,1,4,3,2,0,1,0,45,1773.0
0766,76365,682315,6,78,3,1,0,1,1,0,1,1,0,0,0,3,1,5,0,0,15,1859.0
0767,09736,703394,0,47,5,1,0,1,0,1,1,0,1,1,3,4,1,4,1,0,28,2012.0
0768,24247,673008,4,23,2,0,1,0,0,0,0,1,0,1,2,2,3,1,1,1,88,1724.0
0769,31571,689714,7,40,3,1,1,0,1,1,1,1,1,0,1,4,6,0,0,0,4,1926.0
0770,73068,675901,6,74,0,1,0,1,0,1,1,0,0,1,2,5,4,1,1,0,50,1733.0
0771,05298,691757,10,86,3,0,1,1,0,0,0,1,1,1,0,1,3,0,0,0,53,1801.0
0772,21829,680846,1,37,3,0,1,0,1,1,1,0,1,0,0,5,3,4,0,1,76,1922.0
0773,17863,673903,10,25,1,0,1,1,0,1,1,0,0,0,0,1,2,5,1,0,20,2005.0
0774,91666,673404,4,65,1,1,0,0,0,0,0,0,1,0,0,1,7,0,0,0,98,1823.0
0775,69165,691890,1,100,3,0,0,0,0,1,0,0,1,0,0,4,6,2,1,1,38,1843.0
0776,02684,698506,7,50,5,0,1,1,0,0,0,1,0,0,0,2,6,4,0,0,63,1918.0
0777,63223,669016,6,64,3,0,0,1,1,0,1,1,0,0,5,1,2,4,0,1,65,1757.0
0778,65793,675257,6,24,0,0,1,0,1,0,0,0,0,1,4,0,3,3,0,1,27,1809.0
0779,66489,692673,7,19,6,1,0,1,0,1,1,0,0,1,0,2,2,4,0,0,5,1889.0
0780,25155,708944,7,19,0,1,0,0,0,1,1,1,0,0,4,4,3,1,1,0,39,1739.0
0781,23048,691601,1,29,4,1,1,1,0,0,0,0,1,0,4,5,10,2,0,0,67,1744.0
0782,57022,719528,8,38,1,1,0,0,1,1,0,1,0,0,1,4,8,1,0,0,55,1941.0
0783,66268,670702,0,76,4,1,0,1,0,1,1,1,0,0,4,2,7,1,1,0,54,1843.0
0784,88123,667503,10,70,6,0,1,0,0,0,1,1,0,0,5,1,2,5,0,1,22,1967.0
0785,37082,678429,5,58,5,0,1,1,1,1,0,1,1,0,2,5,0,1,0,1,27,1854.0
0786,30803,683919,6,47,7,0,0,1,0,0,1,1,1,1,2,5,2,3,0,0,82,1943.0
0787,38497,691300,2,42,7,1,0,0,0,1,1,0,0,0,5,5,7,0,0,1,78,1741.0
0788,65355,718649,7,23,2,1,1,1,0,0,0,0,1,1,5,1,0,0,1,1,94,1737.0
0789,51818,689242,4,92,5,1,1,0,1,0,0,0,0,0,1,4,0,0,0,0,83,1788.0
0790,60594,663015,2,48,2,1,0,0,1,0,0,0,0,1,5,1,9,4,0,0,53,1760.0
0791,57859,698627,0,74,2,1,1,1,0,1,1,1,0,1,0,0,6,2,1,0,66,1734.0
0792,90776,707732,0,32,6,0,0,1,1,1,0,1,0,1,0,0,0,5,1,1,15,1987.0
0793,54097,718722,8,36,1,1,1,0,0,1,0,1,0,1,5,5,0,4,1,1,26,1703.0
0794,56284,662590,9,83,7,1,0,0,1,1,1,1,0,1,1,2,2,1,1,0,87,1823.0
0795,05975,697100,8,36,5,1,0,1,1,1,0,1,0,0,5,0,3,3,0,1,26,1940.0
0796,95050,694575,2,73,7,0,1,0,0,1,1,1,1,1,3,4,2,5,0,0,78,1839.0
0797,36660,680195,1,71,3,0,1,1,1,1,1,1,1,1,5,4,8,0,1,0,69,1992.0
0798,83356,707579,0,63,4,0,0,1,0,1,1,1,0,0,4,5,8,5,1,0,43,1961.0
0799,66802,692393,5,34,4,1,0,1,0,1,1,0,0,1,3,2,7,5,0,0,67,1701.0
0800,18048,758165,9,68,5,1,1,0,0,1,1,0,1,1,1,5,4,5,0,0,18,1738.0
0801,25448,793658,4,42,1,1,0,0,1,1,0,0,0,1,5,1,4,5,1,0,66,1864.0
0802,66002,759396,2,27,1,0,0,0,0,1,1,1,0,1,3,0,7,0,1,0,99,1738.0
0803,45564,789628,6,57,1,1,1,0,0,1,1,1,0,0,0,4,1,3,1,1,12,2018.0
0804,85527,773512,2,59,5,1,1,1,1,0,1,1,1,1,4,5,3,4,1,0,40,1972.0
0805,58596,797567,7,20,0,0,1,0,1,1,0,1,0,0,4,5,2,2,0,1,42,1972.0
0806,37424,800319,7,82,7,0,0,0,0,1,1,0,0,0,2,2,10,5,0,1,70,1994.0
0807,20452,790423,4,38,1,1,1,0,0,1,1,1,1,0,3,1,1,0,0,0,65,1831.0
0808,09212,727980,1,84,0,1,0,0,0,1,1,0,0,0,1,1,5,2,0,0,60,1913.0
0809,87956,782268,2,42,1,1,1,1,0,0,0,0,1,0,1,0,2,2,1,0,93,1846.0
0810,90464,759942,10,75,0,0,0,0,0,0,1,1,1,0,5,5,5,4,0,0,64,1804.0
0811,42723,745498,3,82,1,0,1,1,0,1,0,0,1,1,0,2,6,2,0,1,82,1923.0
0812,77152,756136,4,43,5,0,1,0,1,1,1,1,0,1,5,2,10,4,0,0,61,1903.0
0813,94478,743738,0,60,2,0,0,1,0,1,0,0,1,0,3,3,5,0,1,1,1,1769.0
0814,03155,781076,4,52,6,0,0,0,0,0,1,1,0,1,4,5,3,1,0,0,29,1988.0
0815,88487,728327,5,52,3,1,0,1,0,0,0,1,0,1,5,4,10,0,1,1,73,1889.0
0816,69848,734658,0,78,4,0,0,0,1,0,0,1,0,1,1,2,5,1,0,1,93,1891.0
0817,82934,737660,8,84,2,1,1,1,1,1,0,0,1,1,5,5,4,0,1,0,24,1943.0
0818,67586,727419,9,81,6,1,1,1,1,1,1,0,0,0,4,1,8,3,1,1,69,1760.0
0819,25803,762485,6,100,2,0,1,0,1,0,0,0,0,0,2,1,9,1,1,0,82,1939.0
0820,67707,738459,3,46,7,0,0,0,1,1,1,0,1,1,0,3,5,2,0,1,33,1739.0
0821,35343,802713,7,89,3,0,1,1,1,0,1,0,0,0,1,0,7,1,1,1,22,1954.0
0822,05155,758587,7,82,3,1,1,0,1,0,1,1,0,0,5,4,0,0,1,0,28,1997.0
0823,16142,769467,8,97,3,1,0,1,0,0,0,0,1,0,2,4,7,3,1,1,2,1887.0
0824,86751,728559,10,56,4,1,0,1,0,0,0,0,0,0,5,0,5,3,1,1,12,1769.0
0825,88980,734610,6,98,5,1,1,1,1,0,0,1,0,1,2,4,9,5,0,0,15,1869.0
0826,92424,784593,8,79,7,0,0,1,0,1,0,1,0,1,5,3,5,3,0,0,20,1823.0
0827,68276,774322,8,88,0,0,1,0,1,0,1,1,1,0,0,3,1,0,0,1,81,1719.0
0828,89997,729892,8,47,5,1,1,1,0,0,0,1,1,1,3,5,6,2,0,0,85,1901.0
0829,03790,739067,5,39,1,1,0,0,0,0,0,1,1,1,1,1,8,4,1,1,13,1753.0
0830,50556,756257,5,70,7,0,1,0,0,1,1,0,0,0,4,2,6,1,0,0,93,1999.0
0831,98433,767672,10,51,6,0,1,0,0,1,0,0,1,1,5,1,2,1,1,1,73,1826.0
0832,96415,779386,10,88,2,0,1,0,0,1,1,1,0,1,4,1,3,2,0,1,24,1704.0
0833,81103,736918,7,80,4,1,0,1,0,1,1,0,1,1,1,4,10,2,0,0,51,1887.0
0834,48241,746475,5,27,4,0,1,1,0,1,0,0,0,1,4,0,9,4,1,1,36,1908.0
0835,01803,750938,9,77,4,1,0,0,0,0,1,1,0,0,2,2,7,3,0,0,70,1851.0
0836,04363,789228,6,28,0,1,0,0,1,0,0,1,0,1,4,2,0,2,1,1,99,1833.0
0837,21966,752822,1,88,0,0,0,0,0,1,1,0,0,0,5,0,5,4,0,1,50,1723.0
0838,63902,784428,10,83,2,1,1,1,1,1,0,0,0,1,0,4,1,3,0,1,4,1759.0
0839,98649,751871,9,58,1,0,0,1,1,0,1,0,0,1,2,1,9,2,0,1,35,1833.0
0840,38200,777033,1,89,7,0,1,0,0,1,0,0,1,0,5,0,5,4,0,1,25,1843.0
0841,95018,753876,2,44,6,0,1,0,1,1,1,1,1,0,1,1,9,3,1,1,41,1852.0
0842,59628,727058,10,27,1,0,0,0,1,0,0,1,0,0,0,0,3,4,1,1,55,1935.0
0843,84374,750809,3,25,1,0,1,0,1,1,1,1,0,1,4,4,3,1,1,1,61,1842.0
0844,66826,798721,7,75,6,0,1,1,0,0,0,1,1,1,2,5,7,2,1,0,20,1849.0
0845,67880,776054,9,100,5,1,0,1,0,1,0,1,0,0,1,2,4,1,0,0,84,1858.0
0846,45594,792026,10,81,4,1,0,1,0,0,0,0,0,0,4,0,7,3,0,1,74,1850.0
0847,27416,779934,8,37,5,1,1,1,1,0,1,0,0,0,1,0,5,3,1,0,55,2002.0
0848,48304,764129,1,86,3,0,0,0,0,0,1,0,0,1,5,5,9,0,1,0,37,1936.0
0849,16431,750710,7,94,0,0,0,1,1,0,0,1,1,0,2,0,3,4,0,1,80,1716.0
0850,32985,791927,5,71,4,1,1,0,1,0,1,0,0,0,4,5,1,4,0,0,47,1882.0
0851,58334,771476,10,53,3,0,1,1,1,0,0,1,0,0,4,4,10,5,0,0,98,1913.0
0852,59131,720471,4,40,0,1,1,1,0,0,0,0,0,1,0,0,2,3,1,0,72,1743.0
0853,24371,756385,10,51,2,1,1,0,1,0,0,0,0,0,4,0,3,2,0,1,97,1990.0
0854,41023,740528,3,65,5,0,0,1,0,1,1,1,0,0,2,3,6,0,1,0,91,1763.0
0855,46721,774707,3,64,6,1,0,1,0,0,1,1,0,0,1,4,10,2,1,1,63,1744.0
0856,54373,789509,4,86,6,0,0,1,0,0,0,1,1,1,2,3,2,5,0,0,29,1899.0
0857,25199,800784,2,46,3,1,1,0,0,0,1,0,1,1,2,5,10,0,0,0,35,1893.0
0858,05814,752046,4,69,6,1,0,0,1,1,1,1,1,1,0,0,10,2,0,0,46,2015.0
0859,03288,778328,4,53,3,1,1,1,1,1,0,0,0,1,3,3,2,1,0,1,6,1844.0
0860,04870,730249,10,95,3,1,0,0,0,1,1,0,1,1,1,0,6,2,1,1,53,1700.0
0861,56616,751260,4,59,4,1,0,0,0,0,1,1,0,1,3,4,3,3,1,0,24,1907.0
0862,73992,797013,8,55,0,0,1,1,0,1,0,0,1,0,3,0,9,2,1,1,45,2019.0
0863,07504,737289,3,67,7,0,1,0,1,1,0,1,0,0,3,2,9,3,0,0,97,1742.0
0864,83573,756140,9,18,3,0,1,1,1,0,1,0,1,1,4,5,3,5,1,1,83,2002.0
0865,71183,764817,10,22,6,1,1,0,1,1,1,1,1,0,3,4,5,0,0,1,79,1937.0
0866,18770,804674,1,77,7,1,0,1,1,1,1,0,1,0,0,2,6,4,0,1,74,1801.0
0867,43406,759402,5,79,5,1,0,1,1,1,0,1,0,1,2,4,8,4,0,1,63,1712.0
0868,27879,798084,5,86,2,1,1,0,1,1,1,1,1,0,4,3,2,2,1,0,5,1780.0
0869,74708,756951,1,98,0,0,1,1,0,0,0,1,0,0,0,5,9,1,1,0,49,1798.0
0870,33828,808221,2,84,5,1,1,0,1,1,0,0,1,0,1,4,4,2,1,1,98,1895.0
0871,28716,760584,8,63,7,1,1,0,0,1,0,1,0,1,1,2,10,3,0,1,6,1745.0
0872,62381,801506,2,73,2,0,0,1,0,0,1,0,1,0,2,3,9,5,1,1,1,1812.0
0873,00886,801157,0,90,1,0,0,0,0,1,0,0,0,1,4,2,5,4,0,1,39,2023.0
0874,15227,778953,10,44,5,0,1,0,0,0,1,1,1,1,2,0,10,2,0,1,18,1938.0
0875,06982,723708,2,51,7,0,1,0,0,1,1,0,1,0,5,5,0,0,1,0,73,1992.0
0876,30599,735042,8,68,2,0,0,0,1,1,1,0,0,1,4,0,10,0,1,0,2,1816.0
0877,35522,739965,1,61,3,0,1,0,0,0,0,0,1,1,1,3,3,2,0,0,41,1897.0
0878,86216,805253,9,66,0,1,1,1,1,1,0,0,0,1,3,3,3,4,0,1,59,1904.0
0879,16997,730811,1,60,5,0,0,1,1,0,0,0,1,1,0,2,4,4,1,0,92,1868.0
0880,07399,736170,1,86,3,1,0,1,1,0,1,1,0,0,2,0,6,1,1,0,72,1896.0
0881,07601,731452,9,85,7,1,1,1,1,1,1,0,1,0,1,3,0,0,1,1,84,1820.0
0882,19103,722959,6,70,1,0,1,0,1,0,0,1,0,1,1,2,4,3,0,1,82,1968.0
0883,29356,785409,0,37,6,1,1,1,0,1,1,0,0,1,3,0,0,1,1,0,6,1824.0
0884,64512,797359,5,94,3,0,0,1,1,0,0,0,0,1,5,3,6,4,1,0,39,1975.0
0885,93909,756965,10,89,2,1,0,0,0,1,0,0,1,1,0,0,1,4,1,0,90,1962.0
0886,66171,738659,4,69,1,0,0,1,1,1,0,1,0,1,0,4,10,0,1,1,58,1878.0
0887,79384,776821,10,56,1,0,0,0,0,1,0,0,0,1,3,4,5,1,0,0,87,1916.0
0888,75788,801095,4,65,4,0,0,1,0,0,1,1,1,0,4,2,8,2,0,0,88,1722.0
0889,23603,727570,1,90,3,1,0,1,1,0,1,0,1,1,1,4,4,2,1,0,10,1887.0
0890,35665,764470,0,98,3,0,1,0,1,0,1,1,1,1,2,5,1,2,0,1,32,1728.0
0891,30237,754906,6,28,7,0,0,1,1,1,1,0,0,1,1,1,6,0,0,1,28,1910.0
0892,59509,757291,2,23,0,0,0,1,0,1,1,1,0,1,2,5,3,4,1,1,36,1776.0
0893,74185,739288,1,63,7,0,0,0,1,0,0,1,0,0,0,0,5,3,1,0,91,1842.0
0894,76357,759866,5,39,0,0,1,0,1,1,0,1,0,1,0,4,0,5,1,0,10,1902.0
0895,36001,758288,4,85,1,1,0,1,0,1,1,0,0,0,1,3,0,3,0,1,31,1727.0
0896,58555,793330,9,30,7,0,1,1,1,0,1,0,0,1,5,3,1,3,1,1,33,1852.0
0897,46290,755932,1,74,7,1,1,1,1,1,0,1,0,0,2,0,0,5,1,1,47,1797.0
0898,34635,720933,6,60,2,0,0,1,0,0,0,1,1,0,4,1,10,3,1,0,31,1889.0
0899,49646,793295,1,82,3,1,1,1,1,1,1,0,1,1,4,2,6,3,0,1,53,1867.0
0900,93232,776473,9,87,4,0,1,1,0,1,1,1,1,0,5,0,1,3,1,0,64,2015.0
0901,13978,797479,3,99,4,0,0,0,0,0,1,0,1,1,1,2,8,1,0,0,14,1888.0
0902,20395,750818,7,76,5,0,0,0,1,0,1,1,1,0,0,3,4,0,0,0,46,2017.0
0903,47559,802986,7,90,6,1,0,1,0,0,1,1,1,0,0,3,10,3,0,1,70,1746.0
0904,17956,786653,3,74,6,0,1,1,1,1,1,1,1,0,3,4,2,5,0,1,53,1719.0
0905,33806,727972,4,29,3,0,0,0,0,0,1,0,0,0,2,1,10,2,1,1,21,1950.0
0906,73174,754629,2,20,1,0,1,0,0,1,0,1,0,0,5,1,10,0,0,1,38,1974.0
0907,59632,758756,10,24,7,1,1,0,1,0,1,1,0,0,1,4,5,1,1,0,69,1879.0
0908,06824,739480,0,94,4,0,0,0,1,1,1,0,1,1,5,4,3,3,1,1,3,1768.0
0909,62773,742804,9,21,6,1,1,1,1,0,0,1,0,0,4,2,8,4,0,0,34,1814.0
0910,96766,770134,7,63,3,0,0,1,0,1,1,1,1,1,1,2,5,1,0,1,60,1832.0
0911,83548,722057,4,75,4,1,1,1,1,1,0,1,0,1,1,2,10,5,1,0,95,1934.0
0912,93284,729414,6,75,3,1,0,0,0,1,0,1,1,0,4,4,8,3,0,0,78,1947.0
0913,27883,760957,1,73,2,0,0,0,0,1,1,1,0,1,3,0,6,5,1,0,15,1851.0
0914,81960,804200,10,33,3,0,1,1,1,1,1,0,0,0,5,0,9,2,0,0,81,1752.0
0915,79609,730529,4,62,5,0,1,1,1,1,0,1,0,1,4,1,7,4,1,0,2,1798.0
0916,73283,767349,5,64,5,1,0,1,1,0,0,0,0,0,1,2,6,1,0,0,3,1777.0
0917,12134,789133,5,55,7,0,1,1,1,1,0,0,0,0,3,4,5,1,1,1,84,1736.0
0918,13386,755426,6,52,0,0,1,1,1,0,1,1,0,0,5,0,1,3,1,1,95,1942.0
0919,24791,786768,4,52,6,1,0,0,1,1,1,1,0,0,4,3,5,2,0,0,23,1983.0
0920,96253,754949,4,19,3,0,1,1,1,1,1,1,0,1,4,1,6,2,0,0,25,1796.0
0921,47266,730498,7,70,4,0,0,0,0,1,1,1,1,1,5,3,4,1,1,0,44,1815.0
0922,07358,738422,10,93,2,1,0,1,1,1,0,0,0,1,0,2,2,2,0,0,6,1729.0
0923,28820,725576,4,57,4,0,0,0,1,1,1,1,1,1,5,3,8,3,1,0,82,1752.0
0924,95555,789384,3,20,0,0,1,0,0,1,0,1,0,1,3,5,6,2,0,0,99,1885.0
0925,08810,758611,0,62,2,1,0,1,1,0,0,1,1,1,4,4,9,5,0,1,52,1970.0
0926,56542,792304,9,78,0,0,0,1,0,1,1,0,0,0,0,5,5,2,0,1,58,1868.0
0927,73822,790889,2,26,1,1,0,0,1,0,0,1,0,1,1,4,5,4,1,0,79,1810.0
0928,69770,726212,2,28,0,0,0,0,0,1,1,1,0,1,5,0,6,0,0,1,76,1753.0
0929,46582,799715,0,40,4,1,1,0,1,1,0,1,0,0,2,3,3,0,1,0,65,1941.0
0930,32296,769134,6,33,6,0,0,1,0,0,1,1,1,1,4,0,9,4,1,1,37,2004.0
0931,92833,808644,1,82,2,1,1,0,0,1,1,1,1,1,0,1,4,4,1,0,52,1831.0
0932,10560,734724,3,58,2,0,1,0,1,0,1,0,0,0,3,5,10,0,0,1,27,1918.0
0933,21941,791040,7,76,4,1,0,0,1,1,0,1,0,0,1,5,9,4,0,0,6,1786.0
0934,97700,755963,3,68,3,1,1,1,0,1,1,1,1,0,4,0,10,1,0,1,71,1994.0
0935,59200,771989,9,84,4,0,0,1,0,1,1,1,1,1,5,5,2,3,0,1,69,1825.0
0936,22332,789386,0,76,4,1,1,1,1,1,1,1,0,1,5,0,6,0,0,0,8,1968.0
0937,59867,722987,10,55,7,1,0,1,0,0,1,1,0,0,2,2,1,0,0,0,14,1760.0
0938,66395,730843,3,76,2,0,0,1,0,0,0,0,0,1,0,5,1,2,1,1,100,1860.0
0939,82684,737769,7,34,0,1,1,1,0,1,1,1,0,0,5,0,8,2,1,0,54,1941.0
0940,61876,806456,0,79,4,1,1,0,0,1,1,1,0,1,2,1,8,0,1,0,8,1811.0
0941,93345,724431,5,75,7,1,0,0,0,0,1,1,0,0,3,3,10,5,0,1,0,1748.0
0942,16921,782706,5,86,3,1,1,1,1,1,1,1,1,1,0,3,4,2,1,0,79,1914.0
0943,25373,726195,4,70,7,1,1,0,0,0,0,0,1,0,5,1,3,2,1,1,65,1874.0
0944,53523,788592,10,51,3,0,1,1,1,1,1,1,0,1,5,3,6,1,0,0,18,1758.0
0945,00667,741857,3,95,2,1,0,1,0,0,1,0,0,1,5,4,6,5,1,0,20,1700.0
0946,69567,757755,4,62,5,1,1,0,1,0,1,1,0,0,1,3,9,0,0,0,39,1872.0
0947,86103,778639,2,34,1,0,1,0,1,1,1,0,0,1,2,4,7,2,0,0,15,2012.0
0948,20495,794251,10,32,6,0,1,0,0,0,0,1,0,0,0,4,0,4,1,1,64,1944.0
0949,04574,791210,0,59,2,0,0,0,0,1,1,0,1,0,0,5,9,1,1,1,20,1856.0
0950,26380,924072,0,32,0,0,1,1,1,1,1,0,0,1,4,1,5,5,1,1,59,1965.0
0951,25072,934125,9,97,3,1,1,0,0,0,0,0,1,0,1,0,3,4,0,1,96,1727.0
0952,18146,922151,7,24,6,1,0,0,1,0,1,1,1,1,0,4,10,3,1,1,63,2005.0
0953,52060,831340,0,89,0,0,1,0,0,1,1,0,1,0,1,0,0,2,0,0,4,1718.0
0954,29379,829264,7,45,3,0,1,1,1,1,0,1,1,0,1,3,0,4,0,0,50,1849.0
0955,56293,984575,8,89,0,1,1,0,0,0,1,0,0,1,2,5,0,4,1,0,77,1728.0
0956,87481,997106,6,100,4,1,0,0,0,0,1,0,1,0,3,2,0,1,0,0,40,1987.0
0957,69938,863603,0,47,4,0,0,0,0,0,1,0,1,1,2,3,8,2,0,0,34,1790.0
0958,52150,955937,9,45,3,1,0,1,1,1,0,1,1,0,1,0,1,5,0,1,34,1922.0
0959,28325,902336,0,19,1,1,1,1,0,1,0,0,0,0,2,0,3,4,1,0,25,1768.0
0960,92144,820779,9,58,5,1,1,1,0,1,1,0,0,1,2,0,5,5,0,0,48,1758.0
0961,23009,936378,9,91,1,0,1,1,0,1,0,1,1,1,5,0,3,0,0,1,79,1968.0
0962,48313,877442,0,68,3,0,1,0,1,1,1,1,1,1,0,5,5,5,1,0,56,1832.0
0963,67201,971413,0,18,3,1,1,1,0,0,1,0,1,1,5,3,8,5,1,1,74,1881.0
0964,47775,886290,4,76,5,1,1,0,1,1,1,1,0,1,3,0,6,3,1,0,84,1886.0
0965,48351,819524,5,100,3,1,0,0,1,1,1,0,0,0,3,2,9,1,1,0,48,1772.0
0966,17794,948375,7,37,7,1,0,1,1,1,0,1,1,1,1,2,4,5,0,1,3,1753.0
0967,25911,860590,9,78,3,1,1,1,0,1,1,1,0,1,5,2,6,0,0,1,76,1873.0
0968,87314,973050,1,93,4,0,1,1,1,1,0,1,1,0,3,2,2,4,1,1,60,2010.0
0969,19076,872225,5,99,3,0,1,1,1,1,0,0,0,0,4,1,1,2,1,0,61,1914.0
0970,72190,987763,2,21,0,0,1,1,1,0,1,1,1,0,4,2,7,3,1,1,10,1883.0
0971,04845,891650,10,66,2,1,1,1,1,0,1,1,1,0,0,2,1,4,1,0,62,2021.0
0972,53526,874289,0,45,7,0,1,0,1,0,0,1,1,1,0,1,0,0,0,1,15,1741.0
0973,75880,885810,1,85,7,1,1,1,0,0,1,1,0,1,1,5,8,2,1,0,68,1974.0
0974,98650,860119,3,37,2,1,0,1,0,1,0,0,1,0,0,5,6,2,1,0,7,2000.0
0975,64874,863407,6,96,7,0,0,0,1,1,0,0,0,1,2,3,2,5,1,0,45,1878.0
0976,13549,898736,6,27,1,0,1,0,0,0,0,1,1,1,4,4,8,1,0,1,68,1748.0
0977,19638,845433,9,80,0,1,1,1,0,1,0,1,1,0,0,4,10,3,0,0,56,1762.0
0978,32594,872982,9,99,2,0,1,0,0,0,0,1,1,0,4,5,1,5,1,1,13,1795.0
0979,20579,834133,3,38,7,1,1,0,0,1,1,1,1,0,3,3,8,3,0,0,92,1999.0
0980,28020,851662,6,98,2,1,1,1,1,1,0,1,1,1,2,1,1,1,0,1,26,1738.0
0981,25643,928699,5,56,1,0,1,1,1,0,1,1,1,1,2,0,2,1,0,1,91,1860.0
0982,85537,891947,8,53,2,1,1,1,1,1,1,0,0,1,3,2,4,4,0,1,18,1979.0
0983,27263,914475,5,46,4,1,1,0,0,1,0,1,1,0,1,2,7,1,0,0,52,1958.0
0984,39156,955475,6,26,5,0,0,0,0,0,0,0,0,0,5,4,7,1,0,0,19,1933.0
0985,28296,983389,3,44,1,0,0,0,0,1,1,1,1,0,0,2,5,4,0,1,52,1775.0
0986,56347,830118,10,68,7,1,0,1,0,0,1,1,0,0,3,0,7,1,0,1,35,1910.0
0987,94146,814172,7,24,2,1,0,1,1,1,0,1,1,1,4,3,8,2,1,0,65,1849.0
0988,52565,927947,8,69,5,0,0,1,0,0,0,0,1,0,5,5,6,2,1,1,2,1940.0
0989,73535,864698,8,84,4,0,0,0,1,1,1,0,0,0,0,5,5,4,1,0,17,1903.0
0990,78671,847954,9,95,2,1,0,1,1,1,1,1,0,1,3,1,6,3,1,0,24,1975.0
0991,03462,980559,1,95,3,0,1,1,1,0,0,1,1,0,2,2,5,1,0,0,32,1919.0
0992,54122,860390,10,62,3,1,0,0,0,1,1,1,1,0,2,2,5,5,0,0,90,1885.0
0993,19264,981900,3,98,3,0,0,0,0,1,1,0,1,1,1,5,0,2,1,1,89,1893.0
0994,53293,816270,4,75,6,0,0,1,1,1,1,0,0,1,0,2,4,3,0,0,65,1857.0
0995,81801,863974,3,73,0,0,1,0,1,1,1,1,0,0,0,5,0,4,1,0,42,1833.0
0996,18361,959569,10,94,1,1,0,0,0,0,0,1,0,1,3,4,9,4,0,0,94,1870.0
0997,40227,885476,8,21,3,0,0,1,1,1,0,0,0,1,2,4,7,2,1,0,42,1979.0
0998,07325,865693,7,80,7,1,1,0,0,1,0,1,0,1,0,0,5,2,0,0,56,1711.0
0999,97149,829427,3,37,7,1,0,1,0,1,0,0,0,1,5,3,0,4,0,0,77,1703.0
1000,63364,900141,3,68,3,0,0,0,1,1,0,1,1,0,1,3,0,0,0,0,70,1852.0
